1784761520,561.1MiB / 15.39GiB
1784761522,561.7MiB / 15.39GiB
1784761524,561.8MiB / 15.39GiB
1784761526,887.9MiB / 15.39GiB
1784761528,1.553GiB / 15.39GiB
1784761530,2.01GiB / 15.39GiB
1784761532,2.018GiB / 15.39GiB
1784761534,2.517GiB / 15.39GiB
1784761536,2.1GiB / 15.39GiB
1784761538,2.087GiB / 15.39GiB
1784761540,2.258GiB / 15.39GiB
1784761542,2.1GiB / 15.39GiB
1784761544,2.124GiB / 15.39GiB
1784761546,2.629GiB / 15.39GiB
1784761548,2.114GiB / 15.39GiB
1784761551,2.62GiB / 15.39GiB
1784761553,2.302GiB / 15.39GiB
1784761555,2.6GiB / 15.39GiB
1784761557,2.28GiB / 15.39GiB
1784761559,2.493GiB / 15.39GiB
1784761561,2.295GiB / 15.39GiB
1784761563,2.791GiB / 15.39GiB
1784761565,2.534GiB / 15.39GiB
1784761567,2.365GiB / 15.39GiB
1784761569,2.947GiB / 15.39GiB
1784761571,2.41GiB / 15.39GiB
1784761573,2.432GiB / 15.39GiB
1784761575,2.467GiB / 15.39GiB
1784761577,2.592GiB / 15.39GiB
1784761579,2.499GiB / 15.39GiB
1784761581,3.151GiB / 15.39GiB
1784761583,2.714GiB / 15.39GiB
1784761585,2.677GiB / 15.39GiB
1784761587,3.184GiB / 15.39GiB
1784761589,3.459GiB / 15.39GiB
1784761591,2.715GiB / 15.39GiB
1784761593,2.618GiB / 15.39GiB
1784761595,2.627GiB / 15.39GiB
1784761597,2.878GiB / 15.39GiB
1784761599,2.661GiB / 15.39GiB
1784761601,2.727GiB / 15.39GiB
1784761603,2.691GiB / 15.39GiB
1784761605,2.72GiB / 15.39GiB
1784761607,2.74GiB / 15.39GiB
1784761609,2.821GiB / 15.39GiB
1784761611,2.407GiB / 15.39GiB
1784761613,3.248GiB / 15.39GiB
1784761615,1.432GiB / 15.39GiB
1784761617,1.519GiB / 15.39GiB
1784761619,1.469GiB / 15.39GiB
1784761621,1.49GiB / 15.39GiB
1784761623,1.492GiB / 15.39GiB
1784761625,1.967GiB / 15.39GiB
1784761627,1.497GiB / 15.39GiB
1784761629,1.762GiB / 15.39GiB
1784761631,1.566GiB / 15.39GiB
1784761633,2.636GiB / 15.39GiB
1784761635,1.66GiB / 15.39GiB
1784761637,1.574GiB / 15.39GiB
1784761639,1.56GiB / 15.39GiB
1784761641,1.584GiB / 15.39GiB
1784761643,1.638GiB / 15.39GiB
1784761645,1.623GiB / 15.39GiB
1784761647,1.622GiB / 15.39GiB
1784761649,1.641GiB / 15.39GiB
1784761651,1.673GiB / 15.39GiB
1784761653,1.618GiB / 15.39GiB
1784761655,1.788GiB / 15.39GiB
1784761657,1.686GiB / 15.39GiB
1784761659,1.676GiB / 15.39GiB
1784761661,1.963GiB / 15.39GiB
1784761663,1.723GiB / 15.39GiB
1784761665,1.788GiB / 15.39GiB
1784761667,1.77GiB / 15.39GiB
1784761669,1.771GiB / 15.39GiB
1784761671,1.946GiB / 15.39GiB
1784761673,2.281GiB / 15.39GiB
1784761675,1.782GiB / 15.39GiB
1784761677,1.813GiB / 15.39GiB
1784761679,1.845GiB / 15.39GiB
1784761682,1.854GiB / 15.39GiB
1784761684,1.845GiB / 15.39GiB
1784761686,3.236GiB / 15.39GiB
1784761688,2.368GiB / 15.39GiB
1784761690,1.897GiB / 15.39GiB
1784761692,1.957GiB / 15.39GiB
1784761694,1.878GiB / 15.39GiB
1784761696,2.956GiB / 15.39GiB
1784761698,1.955GiB / 15.39GiB
1784761700,1.963GiB / 15.39GiB
1784761702,1.988GiB / 15.39GiB
1784761704,1.936GiB / 15.39GiB
1784761706,1.95GiB / 15.39GiB
1784761708,2.15GiB / 15.39GiB
1784761710,2.341GiB / 15.39GiB
1784761712,2.034GiB / 15.39GiB
1784761714,2.038GiB / 15.39GiB
1784761716,2.041GiB / 15.39GiB
1784761718,2.07GiB / 15.39GiB
1784761720,2.081GiB / 15.39GiB
1784761722,2.095GiB / 15.39GiB
1784761724,2.379GiB / 15.39GiB
1784761726,2.127GiB / 15.39GiB
1784761728,2.144GiB / 15.39GiB
1784761730,3.662GiB / 15.39GiB
1784761732,5.278GiB / 15.39GiB
1784761734,2.172GiB / 15.39GiB
1784761736,3.048GiB / 15.39GiB
1784761738,3.963GiB / 15.39GiB
1784761740,4.394GiB / 15.39GiB
1784761742,2.775GiB / 15.39GiB
1784761744,2.255GiB / 15.39GiB
1784761746,2.247GiB / 15.39GiB
1784761748,2.316GiB / 15.39GiB
1784761750,2.27GiB / 15.39GiB
1784761752,2.435GiB / 15.39GiB
1784761754,2.633GiB / 15.39GiB
1784761756,2.28GiB / 15.39GiB
1784761758,2.41GiB / 15.39GiB
1784761760,2.271GiB / 15.39GiB
1784761762,2.345GiB / 15.39GiB
1784761764,2.95GiB / 15.39GiB
1784761766,2.327GiB / 15.39GiB
1784761768,3.063GiB / 15.39GiB
1784761770,2.389GiB / 15.39GiB
1784761772,2.497GiB / 15.39GiB
1784761774,2.378GiB / 15.39GiB
1784761776,2.513GiB / 15.39GiB
1784761778,2.432GiB / 15.39GiB
1784761780,2.514GiB / 15.39GiB
1784761782,2.449GiB / 15.39GiB
1784761784,2.472GiB / 15.39GiB
1784761786,2.469GiB / 15.39GiB
1784761788,2.522GiB / 15.39GiB
1784761790,2.585GiB / 15.39GiB
1784761792,2.541GiB / 15.39GiB
1784761794,2.56GiB / 15.39GiB
1784761796,3.047GiB / 15.39GiB
1784761798,2.585GiB / 15.39GiB
1784761800,2.678GiB / 15.39GiB
1784761802,2.559GiB / 15.39GiB
1784761804,2.616GiB / 15.39GiB
1784761806,2.616GiB / 15.39GiB
1784761809,3.295GiB / 15.39GiB
1784761811,2.595GiB / 15.39GiB
1784761813,2.631GiB / 15.39GiB
1784761815,2.855GiB / 15.39GiB
1784761817,2.675GiB / 15.39GiB
1784761819,4.263GiB / 15.39GiB
1784761821,5.449GiB / 15.39GiB
1784761823,3.055GiB / 15.39GiB
1784761825,3.091GiB / 15.39GiB
1784761827,4.462GiB / 15.39GiB
1784761829,4.713GiB / 15.39GiB
1784761831,5.55GiB / 15.39GiB
1784761833,6.084GiB / 15.39GiB
1784761835,2.589GiB / 15.39GiB
1784761837,2.597GiB / 15.39GiB
1784761839,2.772GiB / 15.39GiB
1784761841,2.702GiB / 15.39GiB
1784761843,2.874GiB / 15.39GiB
1784761845,2.606GiB / 15.39GiB
1784761847,2.608GiB / 15.39GiB
1784761849,2.739GiB / 15.39GiB
1784761851,2.767GiB / 15.39GiB
1784761853,2.735GiB / 15.39GiB
1784761855,2.932GiB / 15.39GiB
1784761857,2.691GiB / 15.39GiB
1784761859,2.698GiB / 15.39GiB
1784761861,2.732GiB / 15.39GiB
1784761863,2.919GiB / 15.39GiB
1784761865,2.815GiB / 15.39GiB
1784761867,2.819GiB / 15.39GiB
1784761869,2.776GiB / 15.39GiB
1784761871,2.776GiB / 15.39GiB
1784761873,3.324GiB / 15.39GiB
1784761875,2.931GiB / 15.39GiB
1784761877,2.849GiB / 15.39GiB
1784761879,2.85GiB / 15.39GiB
1784761881,2.815GiB / 15.39GiB
1784761883,3.093GiB / 15.39GiB
1784761885,2.859GiB / 15.39GiB
1784761887,2.887GiB / 15.39GiB
1784761889,3.051GiB / 15.39GiB
1784761891,2.906GiB / 15.39GiB
1784761893,2.914GiB / 15.39GiB
1784761895,3.277GiB / 15.39GiB
1784761897,2.932GiB / 15.39GiB
1784761899,3.32GiB / 15.39GiB
1784761901,2.974GiB / 15.39GiB
1784761903,3.37GiB / 15.39GiB
1784761905,3.025GiB / 15.39GiB
1784761907,3.077GiB / 15.39GiB
1784761909,4.821GiB / 15.39GiB
1784761911,3.041GiB / 15.39GiB
1784761913,3.053GiB / 15.39GiB
1784761915,3.078GiB / 15.39GiB
1784761917,3.396GiB / 15.39GiB
1784761919,3.081GiB / 15.39GiB
1784761921,3.228GiB / 15.39GiB
1784761923,3.125GiB / 15.39GiB
1784761925,3.136GiB / 15.39GiB
1784761927,3.16GiB / 15.39GiB
1784761929,3.405GiB / 15.39GiB
1784761932,3.672GiB / 15.39GiB
1784761934,3.281GiB / 15.39GiB
1784761936,3.242GiB / 15.39GiB
1784761938,3.237GiB / 15.39GiB
1784761940,3.983GiB / 15.39GiB
1784761942,3.598GiB / 15.39GiB
1784761944,3.632GiB / 15.39GiB
1784761946,3.321GiB / 15.39GiB
1784761948,3.288GiB / 15.39GiB
1784761950,3.393GiB / 15.39GiB
1784761952,3.609GiB / 15.39GiB
1784761954,3.324GiB / 15.39GiB
1784761956,3.396GiB / 15.39GiB
1784761958,3.415GiB / 15.39GiB
1784761960,3.296GiB / 15.39GiB
1784761962,3.79GiB / 15.39GiB
1784761964,3.88GiB / 15.39GiB
1784761966,3.818GiB / 15.39GiB
1784761968,3.385GiB / 15.39GiB
1784761970,3.615GiB / 15.39GiB
1784761972,3.362GiB / 15.39GiB
1784761974,3.353GiB / 15.39GiB
1784761976,3.728GiB / 15.39GiB
1784761978,3.435GiB / 15.39GiB
1784761980,4.667GiB / 15.39GiB
1784761982,3.81GiB / 15.39GiB
1784761984,4.023GiB / 15.39GiB
1784761986,3.529GiB / 15.39GiB
1784761988,3.483GiB / 15.39GiB
1784761990,4.201GiB / 15.39GiB
1784761992,3.531GiB / 15.39GiB
1784761994,3.779GiB / 15.39GiB
1784761996,3.666GiB / 15.39GiB
1784761998,3.531GiB / 15.39GiB
1784762000,3.547GiB / 15.39GiB
1784762002,5.696GiB / 15.39GiB
1784762004,6.018GiB / 15.39GiB
1784762006,3.46GiB / 15.39GiB
1784762008,3.493GiB / 15.39GiB
1784762010,3.504GiB / 15.39GiB
1784762012,3.552GiB / 15.39GiB
1784762014,3.57GiB / 15.39GiB
1784762016,3.686GiB / 15.39GiB
1784762018,3.584GiB / 15.39GiB
1784762020,3.555GiB / 15.39GiB
1784762022,3.64GiB / 15.39GiB
1784762024,4.109GiB / 15.39GiB
1784762026,3.668GiB / 15.39GiB
1784762028,5.261GiB / 15.39GiB
1784762030,3.731GiB / 15.39GiB
1784762032,3.893GiB / 15.39GiB
1784762034,3.772GiB / 15.39GiB
1784762036,3.857GiB / 15.39GiB
1784762038,3.808GiB / 15.39GiB
1784762040,3.803GiB / 15.39GiB
1784762042,3.833GiB / 15.39GiB
1784762044,4.448GiB / 15.39GiB
1784762046,4.004GiB / 15.39GiB
1784762048,3.95GiB / 15.39GiB
1784762050,3.935GiB / 15.39GiB
1784762052,3.976GiB / 15.39GiB
1784762054,4.011GiB / 15.39GiB
1784762057,4.011GiB / 15.39GiB
1784762059,4.679GiB / 15.39GiB
1784762061,3.959GiB / 15.39GiB
1784762063,4.222GiB / 15.39GiB
1784762065,4.695GiB / 15.39GiB
1784762067,4.012GiB / 15.39GiB
1784762069,4.062GiB / 15.39GiB
1784762071,4.095GiB / 15.39GiB
1784762073,4.055GiB / 15.39GiB
1784762075,4.079GiB / 15.39GiB
1784762077,4.152GiB / 15.39GiB
1784762079,4.118GiB / 15.39GiB
1784762081,5.297GiB / 15.39GiB
1784762083,4.459GiB / 15.39GiB
1784762085,4.252GiB / 15.39GiB
1784762087,4.48GiB / 15.39GiB
1784762089,4.229GiB / 15.39GiB
1784762091,4.276GiB / 15.39GiB
1784762093,4.283GiB / 15.39GiB
1784762095,5.878GiB / 15.39GiB
1784762097,4.363GiB / 15.39GiB
1784762099,6.18GiB / 15.39GiB
1784762101,3.873GiB / 15.39GiB
1784762103,4.109GiB / 15.39GiB
1784762105,3.859GiB / 15.39GiB
1784762107,3.896GiB / 15.39GiB
1784762109,3.92GiB / 15.39GiB
1784762111,4.106GiB / 15.39GiB
1784762113,3.968GiB / 15.39GiB
1784762115,3.954GiB / 15.39GiB
1784762117,4.442GiB / 15.39GiB
1784762119,3.975GiB / 15.39GiB
1784762121,4.253GiB / 15.39GiB
1784762123,4.188GiB / 15.39GiB
1784762125,4.248GiB / 15.39GiB
1784762127,4.033GiB / 15.39GiB
1784762129,4.414GiB / 15.39GiB
1784762131,4.557GiB / 15.39GiB
1784762133,4.089GiB / 15.39GiB
1784762135,4.053GiB / 15.39GiB
1784762137,4.281GiB / 15.39GiB
1784762139,4.159GiB / 15.39GiB
1784762141,6.115GiB / 15.39GiB
1784762143,6.744GiB / 15.39GiB
1784762145,3.965GiB / 15.39GiB
1784762147,4.01GiB / 15.39GiB
1784762149,4.209GiB / 15.39GiB
1784762151,4.018GiB / 15.39GiB
1784762153,4.011GiB / 15.39GiB
1784762155,4.078GiB / 15.39GiB
1784762157,4.175GiB / 15.39GiB
1784762159,4.077GiB / 15.39GiB
1784762161,4.105GiB / 15.39GiB
1784762163,4.13GiB / 15.39GiB
1784762165,4.317GiB / 15.39GiB
1784762167,4.161GiB / 15.39GiB
1784762169,4.151GiB / 15.39GiB
1784762171,4.513GiB / 15.39GiB
1784762173,5.772GiB / 15.39GiB
1784762175,4.186GiB / 15.39GiB
1784762177,4.229GiB / 15.39GiB
1784762179,4.359GiB / 15.39GiB
1784762181,4.294GiB / 15.39GiB
1784762184,4.811GiB / 15.39GiB
1784762186,4.742GiB / 15.39GiB
1784762188,4.317GiB / 15.39GiB
1784762190,4.297GiB / 15.39GiB
1784762192,4.33GiB / 15.39GiB
1784762194,4.333GiB / 15.39GiB
1784762196,4.355GiB / 15.39GiB
1784762198,4.367GiB / 15.39GiB
1784762200,4.844GiB / 15.39GiB
1784762202,4.594GiB / 15.39GiB
1784762204,4.366GiB / 15.39GiB
1784762206,4.398GiB / 15.39GiB
1784762208,4.408GiB / 15.39GiB
1784762210,4.447GiB / 15.39GiB
1784762212,4.45GiB / 15.39GiB
1784762214,4.433GiB / 15.39GiB
1784762216,4.636GiB / 15.39GiB
1784762218,4.509GiB / 15.39GiB
1784762220,4.51GiB / 15.39GiB
1784762222,4.519GiB / 15.39GiB
1784762224,4.534GiB / 15.39GiB
1784762226,4.539GiB / 15.39GiB
1784762228,4.814GiB / 15.39GiB
1784762230,4.579GiB / 15.39GiB
1784762232,4.595GiB / 15.39GiB
1784762234,4.913GiB / 15.39GiB
1784762236,4.64GiB / 15.39GiB
1784762238,4.891GiB / 15.39GiB
1784762240,4.991GiB / 15.39GiB
1784762242,4.902GiB / 15.39GiB
1784762244,4.684GiB / 15.39GiB
1784762246,4.659GiB / 15.39GiB
1784762248,4.951GiB / 15.39GiB
1784762250,4.716GiB / 15.39GiB
1784762252,4.72GiB / 15.39GiB
1784762254,4.738GiB / 15.39GiB
1784762256,4.767GiB / 15.39GiB
1784762258,5.851GiB / 15.39GiB
1784762260,4.788GiB / 15.39GiB
1784762262,5.276GiB / 15.39GiB
1784762264,4.824GiB / 15.39GiB
1784762266,5.318GiB / 15.39GiB
1784762268,4.848GiB / 15.39GiB
1784762270,4.87GiB / 15.39GiB
1784762272,4.872GiB / 15.39GiB
1784762274,4.962GiB / 15.39GiB
1784762276,4.914GiB / 15.39GiB
1784762278,4.917GiB / 15.39GiB
1784762280,4.919GiB / 15.39GiB
1784762282,4.896GiB / 15.39GiB
1784762284,4.927GiB / 15.39GiB
1784762286,4.933GiB / 15.39GiB
1784762288,4.957GiB / 15.39GiB
1784762290,4.991GiB / 15.39GiB
1784762292,5.196GiB / 15.39GiB
1784762294,4.984GiB / 15.39GiB
1784762296,5.496GiB / 15.39GiB
1784762298,5.048GiB / 15.39GiB
1784762300,5.055GiB / 15.39GiB
1784762302,5.061GiB / 15.39GiB
1784762304,5.063GiB / 15.39GiB
1784762307,5.067GiB / 15.39GiB
1784762309,5.044GiB / 15.39GiB
1784762311,5.424GiB / 15.39GiB
1784762313,5.136GiB / 15.39GiB
1784762315,5.143GiB / 15.39GiB
1784762317,5.433GiB / 15.39GiB
1784762319,5.433GiB / 15.39GiB
1784762321,5.987GiB / 15.39GiB
1784762323,5.131GiB / 15.39GiB
1784762325,5.135GiB / 15.39GiB
1784762327,5.569GiB / 15.39GiB
1784762329,5.119GiB / 15.39GiB
1784762331,5.183GiB / 15.39GiB
1784762333,5.321GiB / 15.39GiB
1784762335,5.152GiB / 15.39GiB
1784762337,5.389GiB / 15.39GiB
1784762339,5.036GiB / 15.39GiB
1784762341,5.45GiB / 15.39GiB
1784762343,5.124GiB / 15.39GiB
1784762345,5.547GiB / 15.39GiB
1784762347,5.054GiB / 15.39GiB
1784762349,5.077GiB / 15.39GiB
1784762351,5.229GiB / 15.39GiB
1784762353,5.124GiB / 15.39GiB
1784762355,6.361GiB / 15.39GiB
1784762357,6.638GiB / 15.39GiB
1784762359,4.716GiB / 15.39GiB
1784762361,4.956GiB / 15.39GiB
1784762363,4.714GiB / 15.39GiB
1784762365,5.637GiB / 15.39GiB
1784762367,5.046GiB / 15.39GiB
1784762369,4.833GiB / 15.39GiB
1784762371,4.81GiB / 15.39GiB
1784762373,4.771GiB / 15.39GiB
1784762375,4.805GiB / 15.39GiB
1784762377,4.889GiB / 15.39GiB
1784762379,4.808GiB / 15.39GiB
1784762381,5.334GiB / 15.39GiB
1784762383,4.846GiB / 15.39GiB
1784762385,5.03GiB / 15.39GiB
1784762387,4.895GiB / 15.39GiB
1784762389,4.897GiB / 15.39GiB
1784762391,5.341GiB / 15.39GiB
1784762393,4.933GiB / 15.39GiB
1784762395,6.145GiB / 15.39GiB
1784762397,6.778GiB / 15.39GiB
1784762399,4.431GiB / 15.39GiB
1784762401,4.434GiB / 15.39GiB
1784762403,4.454GiB / 15.39GiB
1784762405,4.534GiB / 15.39GiB
1784762407,4.486GiB / 15.39GiB
1784762409,4.613GiB / 15.39GiB
1784762411,4.508GiB / 15.39GiB
1784762413,4.505GiB / 15.39GiB
1784762415,4.53GiB / 15.39GiB
1784762417,4.887GiB / 15.39GiB
1784762419,4.549GiB / 15.39GiB
1784762421,4.555GiB / 15.39GiB
1784762423,5.05GiB / 15.39GiB
1784762425,4.585GiB / 15.39GiB
1784762428,4.767GiB / 15.39GiB
1784762430,4.59GiB / 15.39GiB
1784762432,4.797GiB / 15.39GiB
1784762434,5.021GiB / 15.39GiB
1784762436,5.189GiB / 15.39GiB
1784762438,5.35GiB / 15.39GiB
1784762440,5.525GiB / 15.39GiB
1784762442,5.818GiB / 15.39GiB
1784762444,6.199GiB / 15.39GiB
1784762446,6.199GiB / 15.39GiB
1784762448,6.158GiB / 15.39GiB
1784762450,6.172GiB / 15.39GiB
1784762452,6.205GiB / 15.39GiB
1784762454,6.238GiB / 15.39GiB
1784762456,6.29GiB / 15.39GiB
1784762458,6.413GiB / 15.39GiB
1784762460,6.535GiB / 15.39GiB
1784762462,6.659GiB / 15.39GiB
1784762464,6.763GiB / 15.39GiB
1784762466,6.831GiB / 15.39GiB
1784762468,6.889GiB / 15.39GiB
1784762470,6.67GiB / 15.39GiB
1784762472,6.67GiB / 15.39GiB
1784762474,6.571GiB / 15.39GiB
1784762476,6.572GiB / 15.39GiB
1784762478,6.948GiB / 15.39GiB
1784762480,7.26GiB / 15.39GiB
1784762482,7.296GiB / 15.39GiB
1784762484,7.35GiB / 15.39GiB
1784762486,7.351GiB / 15.39GiB
1784762488,7.364GiB / 15.39GiB
1784762490,7.364GiB / 15.39GiB
1784762492,7.364GiB / 15.39GiB
1784762494,7.364GiB / 15.39GiB
1784762496,7.364GiB / 15.39GiB
1784762498,7.364GiB / 15.39GiB
1784762500,7.365GiB / 15.39GiB
1784762502,7.365GiB / 15.39GiB
1784762504,7.365GiB / 15.39GiB
1784762506,7.367GiB / 15.39GiB
1784762508,7.366GiB / 15.39GiB
1784762510,7.366GiB / 15.39GiB
1784762512,7.367GiB / 15.39GiB
1784762514,7.367GiB / 15.39GiB
1784762516,7.366GiB / 15.39GiB
1784762518,7.366GiB / 15.39GiB
1784762520,7.366GiB / 15.39GiB
1784762522,7.366GiB / 15.39GiB
1784762524,7.366GiB / 15.39GiB
1784762526,7.366GiB / 15.39GiB
1784762528,7.366GiB / 15.39GiB
1784762530,7.366GiB / 15.39GiB
1784762532,7.366GiB / 15.39GiB
1784762534,7.367GiB / 15.39GiB
1784762536,7.366GiB / 15.39GiB
1784762538,7.366GiB / 15.39GiB
1784762540,6.992GiB / 15.39GiB
1784762542,6.993GiB / 15.39GiB
1784762544,6.995GiB / 15.39GiB
1784762546,6.995GiB / 15.39GiB
1784762548,6.996GiB / 15.39GiB
1784762550,6.994GiB / 15.39GiB
1784762552,6.994GiB / 15.39GiB
1784762555,6.996GiB / 15.39GiB
1784762557,6.995GiB / 15.39GiB
1784762559,7.059GiB / 15.39GiB
1784762561,7.058GiB / 15.39GiB
1784762563,7.059GiB / 15.39GiB
1784762565,7.059GiB / 15.39GiB
1784762567,7.058GiB / 15.39GiB
1784762569,7.059GiB / 15.39GiB
1784762571,7.059GiB / 15.39GiB
1784762573,7.059GiB / 15.39GiB
1784762575,7.059GiB / 15.39GiB
1784762577,7.059GiB / 15.39GiB
1784762579,7.059GiB / 15.39GiB
1784762581,7.058GiB / 15.39GiB
1784762583,7.064GiB / 15.39GiB
1784762585,7.065GiB / 15.39GiB
1784762587,7.064GiB / 15.39GiB
1784762589,7.065GiB / 15.39GiB
1784762591,7.067GiB / 15.39GiB
1784762593,7.067GiB / 15.39GiB
1784762595,7.067GiB / 15.39GiB
1784762597,7.067GiB / 15.39GiB
1784762599,7.077GiB / 15.39GiB
1784762601,7.066GiB / 15.39GiB
1784762603,7.066GiB / 15.39GiB
1784762605,7.067GiB / 15.39GiB
1784762607,7.067GiB / 15.39GiB
1784762609,7.066GiB / 15.39GiB
1784762611,7.067GiB / 15.39GiB
1784762613,7.067GiB / 15.39GiB
1784762615,7.067GiB / 15.39GiB
1784762617,7.067GiB / 15.39GiB
1784762619,7.067GiB / 15.39GiB
1784762621,7.067GiB / 15.39GiB
1784762623,7.066GiB / 15.39GiB
1784762625,7.068GiB / 15.39GiB
1784762627,7.066GiB / 15.39GiB
1784762629,7.066GiB / 15.39GiB
1784762631,7.066GiB / 15.39GiB
1784762633,7.066GiB / 15.39GiB
1784762635,7.06GiB / 15.39GiB
1784762637,6.952GiB / 15.39GiB
1784762639,6.882GiB / 15.39GiB
1784762641,6.849GiB / 15.39GiB
1784762643,6.813GiB / 15.39GiB
1784762645,6.765GiB / 15.39GiB
1784762647,6.705GiB / 15.39GiB
1784762649,6.652GiB / 15.39GiB
1784762651,6.607GiB / 15.39GiB
1784762653,6.612GiB / 15.39GiB
1784762655,6.614GiB / 15.39GiB
1784762657,6.614GiB / 15.39GiB
1784762659,6.614GiB / 15.39GiB
1784762661,6.613GiB / 15.39GiB
1784762663,6.613GiB / 15.39GiB
1784762665,6.613GiB / 15.39GiB
1784762667,6.613GiB / 15.39GiB
1784762669,6.585GiB / 15.39GiB
1784762671,6.537GiB / 15.39GiB
1784762673,6.537GiB / 15.39GiB
1784762675,6.537GiB / 15.39GiB
1784762678,6.497GiB / 15.39GiB
1784762680,6.498GiB / 15.39GiB
1784762682,6.498GiB / 15.39GiB
1784762684,6.498GiB / 15.39GiB
1784762686,6.498GiB / 15.39GiB
1784762688,6.498GiB / 15.39GiB
1784762690,6.498GiB / 15.39GiB
1784762692,6.498GiB / 15.39GiB
1784762694,6.498GiB / 15.39GiB
1784762696,6.498GiB / 15.39GiB
1784762698,6.499GiB / 15.39GiB
1784762700,6.498GiB / 15.39GiB
1784762702,6.499GiB / 15.39GiB
1784762704,6.498GiB / 15.39GiB
1784762706,6.499GiB / 15.39GiB
1784762708,6.456GiB / 15.39GiB
1784762710,6.457GiB / 15.39GiB
1784762712,6.459GiB / 15.39GiB
1784762714,6.459GiB / 15.39GiB
1784762716,6.459GiB / 15.39GiB
1784762718,6.462GiB / 15.39GiB
1784762720,6.462GiB / 15.39GiB
1784762722,6.472GiB / 15.39GiB
1784762724,6.461GiB / 15.39GiB
1784762726,6.461GiB / 15.39GiB
1784762728,6.461GiB / 15.39GiB
1784762730,6.461GiB / 15.39GiB
1784762732,6.46GiB / 15.39GiB
1784762734,6.461GiB / 15.39GiB
1784762736,6.461GiB / 15.39GiB
1784762738,6.461GiB / 15.39GiB
1784762740,6.461GiB / 15.39GiB
1784762742,6.461GiB / 15.39GiB
1784762744,6.46GiB / 15.39GiB
1784762746,6.46GiB / 15.39GiB
1784762748,6.461GiB / 15.39GiB
1784762750,6.461GiB / 15.39GiB
1784762752,6.461GiB / 15.39GiB
1784762754,6.461GiB / 15.39GiB
1784762756,6.461GiB / 15.39GiB
1784762758,6.461GiB / 15.39GiB
1784762760,6.461GiB / 15.39GiB
1784762762,6.461GiB / 15.39GiB
1784762764,6.461GiB / 15.39GiB
1784762766,6.461GiB / 15.39GiB
1784762768,6.461GiB / 15.39GiB
1784762770,6.461GiB / 15.39GiB
1784762772,6.46GiB / 15.39GiB
1784762774,6.461GiB / 15.39GiB
1784762776,6.46GiB / 15.39GiB
1784762778,6.461GiB / 15.39GiB
1784762780,6.461GiB / 15.39GiB
1784762782,6.46GiB / 15.39GiB
1784762784,6.461GiB / 15.39GiB
1784762786,6.448GiB / 15.39GiB
1784762788,6.436GiB / 15.39GiB
1784762790,6.424GiB / 15.39GiB
1784762792,6.425GiB / 15.39GiB
1784762794,6.412GiB / 15.39GiB
1784762796,6.411GiB / 15.39GiB
1784762798,6.409GiB / 15.39GiB
1784762800,6.4GiB / 15.39GiB
1784762802,6.399GiB / 15.39GiB
1784762804,6.4GiB / 15.39GiB
1784762806,6.4GiB / 15.39GiB
1784762809,6.4GiB / 15.39GiB
1784762811,6.4GiB / 15.39GiB
1784762813,6.4GiB / 15.39GiB
1784762815,6.4GiB / 15.39GiB
1784762817,6.4GiB / 15.39GiB
1784762819,6.4GiB / 15.39GiB
1784762821,6.4GiB / 15.39GiB
1784762823,6.353GiB / 15.39GiB
1784762825,6.316GiB / 15.39GiB
1784762827,6.323GiB / 15.39GiB
1784762829,6.304GiB / 15.39GiB
1784762831,6.304GiB / 15.39GiB
1784762833,6.305GiB / 15.39GiB
1784762835,6.306GiB / 15.39GiB
1784762837,6.305GiB / 15.39GiB
1784762839,6.31GiB / 15.39GiB
1784762841,6.31GiB / 15.39GiB
1784762843,6.309GiB / 15.39GiB
1784762845,6.31GiB / 15.39GiB
1784762847,6.31GiB / 15.39GiB
1784762849,6.31GiB / 15.39GiB
1784762851,6.31GiB / 15.39GiB
1784762853,6.31GiB / 15.39GiB
1784762855,6.292GiB / 15.39GiB
1784762857,6.291GiB / 15.39GiB
1784762859,6.265GiB / 15.39GiB
1784762861,6.266GiB / 15.39GiB
1784762863,6.266GiB / 15.39GiB
1784762865,6.265GiB / 15.39GiB
1784762867,6.266GiB / 15.39GiB
1784762869,6.265GiB / 15.39GiB
1784762871,6.265GiB / 15.39GiB
1784762873,6.234GiB / 15.39GiB
1784762875,6.235GiB / 15.39GiB
1784762877,6.241GiB / 15.39GiB
1784762879,6.241GiB / 15.39GiB
1784762881,6.242GiB / 15.39GiB
1784762883,6.241GiB / 15.39GiB
1784762885,6.241GiB / 15.39GiB
1784762887,6.241GiB / 15.39GiB
1784762889,6.241GiB / 15.39GiB
1784762891,6.242GiB / 15.39GiB
1784762893,6.241GiB / 15.39GiB
1784762895,6.241GiB / 15.39GiB
1784762897,6.241GiB / 15.39GiB
1784762899,6.241GiB / 15.39GiB
1784762901,6.241GiB / 15.39GiB
1784762903,6.242GiB / 15.39GiB
1784762905,6.215GiB / 15.39GiB
1784762907,6.216GiB / 15.39GiB
1784762909,6.179GiB / 15.39GiB
1784762911,6.19GiB / 15.39GiB
1784762913,6.19GiB / 15.39GiB
1784762915,6.19GiB / 15.39GiB
1784762917,6.19GiB / 15.39GiB
1784762919,6.027GiB / 15.39GiB
1784762921,5.991GiB / 15.39GiB
1784762923,5.881GiB / 15.39GiB
1784762925,5.71GiB / 15.39GiB
1784762927,5.738GiB / 15.39GiB
1784762929,5.842GiB / 15.39GiB
1784762931,5.841GiB / 15.39GiB
1784762933,5.847GiB / 15.39GiB
1784762936,5.847GiB / 15.39GiB
1784762938,5.847GiB / 15.39GiB
1784762940,5.847GiB / 15.39GiB
1784762942,5.847GiB / 15.39GiB
1784762944,5.848GiB / 15.39GiB
1784762946,5.847GiB / 15.39GiB
1784762948,5.848GiB / 15.39GiB
1784762950,5.847GiB / 15.39GiB
1784762952,5.847GiB / 15.39GiB
1784762954,5.847GiB / 15.39GiB
1784762956,5.847GiB / 15.39GiB
1784762958,5.848GiB / 15.39GiB
1784762960,5.849GiB / 15.39GiB
1784762962,5.849GiB / 15.39GiB
1784762964,5.849GiB / 15.39GiB
1784762966,5.849GiB / 15.39GiB
1784762968,5.849GiB / 15.39GiB
1784762970,5.849GiB / 15.39GiB
1784762972,5.848GiB / 15.39GiB
1784762974,5.849GiB / 15.39GiB
1784762976,5.849GiB / 15.39GiB
1784762978,5.85GiB / 15.39GiB
1784762980,5.849GiB / 15.39GiB
1784762982,5.849GiB / 15.39GiB
1784762984,5.849GiB / 15.39GiB
1784762986,5.848GiB / 15.39GiB
1784762988,5.849GiB / 15.39GiB
1784762990,5.849GiB / 15.39GiB
1784762992,5.849GiB / 15.39GiB
1784762994,5.843GiB / 15.39GiB
1784762996,5.836GiB / 15.39GiB
1784762998,5.788GiB / 15.39GiB
1784763000,5.77GiB / 15.39GiB
1784763002,5.77GiB / 15.39GiB
1784763004,5.732GiB / 15.39GiB
1784763006,5.732GiB / 15.39GiB
1784763008,5.731GiB / 15.39GiB
1784763010,5.731GiB / 15.39GiB
1784763012,5.71GiB / 15.39GiB
