1783275294,1.413GiB / 15.39GiB
1783275296,1.41GiB / 15.39GiB
1783275298,1.411GiB / 15.39GiB
1783275300,1.426GiB / 15.39GiB
1783275302,1.532GiB / 15.39GiB
1783275304,1.416GiB / 15.39GiB
1783275306,1.441GiB / 15.39GiB
1783275308,1.446GiB / 15.39GiB
1783275310,1.449GiB / 15.39GiB
1783275312,1.456GiB / 15.39GiB
1783275314,1.456GiB / 15.39GiB
1783275316,1.435GiB / 15.39GiB
1783275318,1.495GiB / 15.39GiB
1783275320,1.496GiB / 15.39GiB
1783275322,1.448GiB / 15.39GiB
1783275324,1.453GiB / 15.39GiB
1783275326,1.524GiB / 15.39GiB
1783275328,1.495GiB / 15.39GiB
1783275330,1.495GiB / 15.39GiB
1783275332,1.502GiB / 15.39GiB
1783275334,1.509GiB / 15.39GiB
1783275337,1.545GiB / 15.39GiB
1783275339,1.529GiB / 15.39GiB
1783275341,1.531GiB / 15.39GiB
1783275343,1.562GiB / 15.39GiB
1783275345,1.565GiB / 15.39GiB
1783275347,1.565GiB / 15.39GiB
1783275349,1.566GiB / 15.39GiB
1783275351,1.575GiB / 15.39GiB
1783275353,1.575GiB / 15.39GiB
1783275355,1.575GiB / 15.39GiB
1783275357,1.584GiB / 15.39GiB
1783275359,1.585GiB / 15.39GiB
1783275361,1.599GiB / 15.39GiB
1783275363,1.634GiB / 15.39GiB
1783275365,1.637GiB / 15.39GiB
1783275367,1.696GiB / 15.39GiB
1783275369,1.612GiB / 15.39GiB
1783275371,1.618GiB / 15.39GiB
1783275373,1.618GiB / 15.39GiB
1783275375,1.618GiB / 15.39GiB
1783275377,1.643GiB / 15.39GiB
1783275379,1.656GiB / 15.39GiB
1783275381,1.992GiB / 15.39GiB
1783275383,1.675GiB / 15.39GiB
1783275385,1.737GiB / 15.39GiB
1783275387,1.686GiB / 15.39GiB
1783275389,1.688GiB / 15.39GiB
1783275391,1.699GiB / 15.39GiB
1783275393,1.7GiB / 15.39GiB
1783275395,1.689GiB / 15.39GiB
1783275397,1.688GiB / 15.39GiB
1783275399,1.801GiB / 15.39GiB
1783275401,1.7GiB / 15.39GiB
1783275403,1.747GiB / 15.39GiB
1783275405,1.754GiB / 15.39GiB
1783275407,1.76GiB / 15.39GiB
1783275409,1.761GiB / 15.39GiB
1783275411,1.765GiB / 15.39GiB
1783275413,1.773GiB / 15.39GiB
1783275415,1.773GiB / 15.39GiB
1783275417,1.722GiB / 15.39GiB
1783275419,1.738GiB / 15.39GiB
1783275421,1.747GiB / 15.39GiB
1783275423,1.735GiB / 15.39GiB
1783275425,1.745GiB / 15.39GiB
1783275427,1.761GiB / 15.39GiB
1783275429,1.816GiB / 15.39GiB
1783275431,1.751GiB / 15.39GiB
1783275433,1.759GiB / 15.39GiB
1783275435,1.767GiB / 15.39GiB
1783275437,1.767GiB / 15.39GiB
1783275439,1.787GiB / 15.39GiB
1783275441,1.945GiB / 15.39GiB
1783275443,1.825GiB / 15.39GiB
1783275445,1.836GiB / 15.39GiB
1783275447,1.854GiB / 15.39GiB
1783275449,1.857GiB / 15.39GiB
1783275451,1.996GiB / 15.39GiB
1783275453,1.848GiB / 15.39GiB
1783275455,1.892GiB / 15.39GiB
1783275457,1.85GiB / 15.39GiB
1783275459,1.854GiB / 15.39GiB
1783275461,1.864GiB / 15.39GiB
1783275463,1.865GiB / 15.39GiB
1783275465,1.865GiB / 15.39GiB
1783275468,1.946GiB / 15.39GiB
1783275470,1.96GiB / 15.39GiB
1783275472,1.96GiB / 15.39GiB
1783275474,1.959GiB / 15.39GiB
1783275476,1.959GiB / 15.39GiB
1783275478,2.093GiB / 15.39GiB
1783275480,1.948GiB / 15.39GiB
1783275482,1.948GiB / 15.39GiB
1783275484,1.961GiB / 15.39GiB
1783275486,2.117GiB / 15.39GiB
1783275488,2.081GiB / 15.39GiB
1783275490,1.97GiB / 15.39GiB
1783275492,1.971GiB / 15.39GiB
1783275494,1.977GiB / 15.39GiB
1783275496,1.963GiB / 15.39GiB
1783275498,1.962GiB / 15.39GiB
1783275500,2.031GiB / 15.39GiB
1783275502,1.962GiB / 15.39GiB
1783275504,1.994GiB / 15.39GiB
1783275506,1.994GiB / 15.39GiB
1783275508,1.995GiB / 15.39GiB
1783275510,2GiB / 15.39GiB
1783275512,2.013GiB / 15.39GiB
1783275514,2.017GiB / 15.39GiB
1783275516,2.016GiB / 15.39GiB
1783275518,2.014GiB / 15.39GiB
1783275520,2.017GiB / 15.39GiB
1783275522,2.018GiB / 15.39GiB
1783275524,2.016GiB / 15.39GiB
1783275526,2.017GiB / 15.39GiB
1783275528,2.017GiB / 15.39GiB
1783275530,2.018GiB / 15.39GiB
1783275532,2.018GiB / 15.39GiB
1783275534,2.017GiB / 15.39GiB
1783275536,2.017GiB / 15.39GiB
1783275538,2.017GiB / 15.39GiB
1783275540,2.018GiB / 15.39GiB
1783275542,2.017GiB / 15.39GiB
1783275544,2.02GiB / 15.39GiB
1783275546,2.021GiB / 15.39GiB
1783275548,2.021GiB / 15.39GiB
1783275550,2.022GiB / 15.39GiB
1783275552,2.022GiB / 15.39GiB
1783275554,2.021GiB / 15.39GiB
1783275556,2.021GiB / 15.39GiB
1783275558,2.021GiB / 15.39GiB
1783275560,2.036GiB / 15.39GiB
1783275562,2.021GiB / 15.39GiB
1783275564,2.021GiB / 15.39GiB
1783275566,2.021GiB / 15.39GiB
1783275568,2.021GiB / 15.39GiB
1783275570,2.021GiB / 15.39GiB
1783275572,2.021GiB / 15.39GiB
1783275574,2.021GiB / 15.39GiB
1783275576,2.021GiB / 15.39GiB
1783275578,2.796GiB / 15.39GiB
1783275580,2.797GiB / 15.39GiB
1783275582,2.81GiB / 15.39GiB
1783275584,2.811GiB / 15.39GiB
1783275586,2.811GiB / 15.39GiB
1783275588,2.811GiB / 15.39GiB
1783275590,2.811GiB / 15.39GiB
1783275592,2.811GiB / 15.39GiB
1783275594,2.812GiB / 15.39GiB
1783275596,2.813GiB / 15.39GiB
1783275598,2.812GiB / 15.39GiB
1783275601,2.812GiB / 15.39GiB
1783275603,2.813GiB / 15.39GiB
1783275605,2.812GiB / 15.39GiB
1783275607,2.813GiB / 15.39GiB
1783275609,2.813GiB / 15.39GiB
1783275611,2.813GiB / 15.39GiB
1783275613,2.813GiB / 15.39GiB
1783275615,2.813GiB / 15.39GiB
1783275617,2.813GiB / 15.39GiB
1783275619,2.813GiB / 15.39GiB
1783275621,2.813GiB / 15.39GiB
1783275623,2.813GiB / 15.39GiB
1783275625,2.812GiB / 15.39GiB
1783275627,2.813GiB / 15.39GiB
1783275629,2.812GiB / 15.39GiB
1783275631,2.812GiB / 15.39GiB
1783275633,2.813GiB / 15.39GiB
1783275635,2.813GiB / 15.39GiB
1783275637,2.82GiB / 15.39GiB
1783275639,2.813GiB / 15.39GiB
1783275641,2.813GiB / 15.39GiB
1783275643,2.813GiB / 15.39GiB
1783275645,2.813GiB / 15.39GiB
1783275647,2.813GiB / 15.39GiB
1783275649,2.813GiB / 15.39GiB
1783275651,2.812GiB / 15.39GiB
1783275653,2.813GiB / 15.39GiB
1783275655,2.812GiB / 15.39GiB
1783275657,2.812GiB / 15.39GiB
1783275659,2.812GiB / 15.39GiB
1783275661,2.812GiB / 15.39GiB
1783275663,2.813GiB / 15.39GiB
1783275665,2.813GiB / 15.39GiB
1783275667,2.813GiB / 15.39GiB
1783275669,2.813GiB / 15.39GiB
1783275671,2.812GiB / 15.39GiB
1783275673,2.813GiB / 15.39GiB
1783275675,2.812GiB / 15.39GiB
1783275677,2.813GiB / 15.39GiB
1783275679,2.812GiB / 15.39GiB
1783275681,2.813GiB / 15.39GiB
1783275683,2.812GiB / 15.39GiB
1783275685,2.812GiB / 15.39GiB
1783275687,2.812GiB / 15.39GiB
1783275689,2.812GiB / 15.39GiB
1783275691,2.812GiB / 15.39GiB
1783275693,2.813GiB / 15.39GiB
1783275695,2.813GiB / 15.39GiB
1783275697,2.813GiB / 15.39GiB
1783275699,2.813GiB / 15.39GiB
1783275701,2.813GiB / 15.39GiB
1783275703,2.813GiB / 15.39GiB
1783275705,2.813GiB / 15.39GiB
1783275707,2.813GiB / 15.39GiB
1783275709,2.813GiB / 15.39GiB
1783275711,2.813GiB / 15.39GiB
1783275713,2.813GiB / 15.39GiB
1783275715,2.813GiB / 15.39GiB
1783275717,2.812GiB / 15.39GiB
1783275719,2.813GiB / 15.39GiB
1783275721,2.812GiB / 15.39GiB
1783275723,2.812GiB / 15.39GiB
1783275725,2.813GiB / 15.39GiB
1783275727,2.813GiB / 15.39GiB
1783275729,2.813GiB / 15.39GiB
1783275731,2.812GiB / 15.39GiB
1783275733,2.813GiB / 15.39GiB
1783275736,2.813GiB / 15.39GiB
1783275738,2.813GiB / 15.39GiB
1783275740,2.813GiB / 15.39GiB
1783275742,2.813GiB / 15.39GiB
1783275744,2.813GiB / 15.39GiB
1783275746,2.813GiB / 15.39GiB
1783275748,2.813GiB / 15.39GiB
1783275750,2.813GiB / 15.39GiB
1783275752,2.813GiB / 15.39GiB
1783275754,2.813GiB / 15.39GiB
1783275756,2.813GiB / 15.39GiB
1783275758,2.813GiB / 15.39GiB
1783275760,2.813GiB / 15.39GiB
1783275762,2.812GiB / 15.39GiB
1783275764,2.813GiB / 15.39GiB
1783275766,2.813GiB / 15.39GiB
1783275768,2.812GiB / 15.39GiB
1783275770,2.814GiB / 15.39GiB
1783275772,2.813GiB / 15.39GiB
1783275774,2.813GiB / 15.39GiB
1783275776,2.813GiB / 15.39GiB
1783275778,2.812GiB / 15.39GiB
1783275780,2.822GiB / 15.39GiB
1783275782,2.813GiB / 15.39GiB
1783275784,2.813GiB / 15.39GiB
1783275786,2.814GiB / 15.39GiB
1783275788,2.813GiB / 15.39GiB
1783275790,2.812GiB / 15.39GiB
1783275792,2.813GiB / 15.39GiB
1783275794,2.813GiB / 15.39GiB
1783275796,2.813GiB / 15.39GiB
1783275798,2.812GiB / 15.39GiB
1783275800,2.812GiB / 15.39GiB
1783275802,2.813GiB / 15.39GiB
1783275804,2.812GiB / 15.39GiB
1783275806,2.813GiB / 15.39GiB
1783275808,2.816GiB / 15.39GiB
1783275810,2.181GiB / 15.39GiB
1783275812,2.181GiB / 15.39GiB
1783275814,2.181GiB / 15.39GiB
1783275816,2.181GiB / 15.39GiB
1783275818,2.181GiB / 15.39GiB
1783275820,2.181GiB / 15.39GiB
1783275822,2.181GiB / 15.39GiB
1783275824,2.181GiB / 15.39GiB
1783275826,2.181GiB / 15.39GiB
1783275828,2.181GiB / 15.39GiB
1783275830,2.181GiB / 15.39GiB
1783275832,2.181GiB / 15.39GiB
1783275834,2.181GiB / 15.39GiB
1783275836,2.181GiB / 15.39GiB
1783275838,2.181GiB / 15.39GiB
1783275840,2.181GiB / 15.39GiB
1783275842,2.181GiB / 15.39GiB
1783275844,2.181GiB / 15.39GiB
1783275846,2.187GiB / 15.39GiB
1783275848,2.181GiB / 15.39GiB
1783275850,2.181GiB / 15.39GiB
1783275852,2.181GiB / 15.39GiB
1783275854,2.181GiB / 15.39GiB
1783275856,2.181GiB / 15.39GiB
1783275858,2.181GiB / 15.39GiB
1783275860,2.181GiB / 15.39GiB
1783275862,2.182GiB / 15.39GiB
1783275865,2.182GiB / 15.39GiB
1783275867,2.181GiB / 15.39GiB
1783275869,2.182GiB / 15.39GiB
1783275871,2.181GiB / 15.39GiB
1783275873,2.181GiB / 15.39GiB
1783275875,2.181GiB / 15.39GiB
1783275877,2.181GiB / 15.39GiB
1783275879,2.181GiB / 15.39GiB
1783275881,2.181GiB / 15.39GiB
1783275883,2.181GiB / 15.39GiB
1783275885,2.181GiB / 15.39GiB
1783275887,2.181GiB / 15.39GiB
1783275889,2.181GiB / 15.39GiB
1783275891,2.181GiB / 15.39GiB
1783275893,2.182GiB / 15.39GiB
1783275895,2.181GiB / 15.39GiB
1783275897,2.181GiB / 15.39GiB
1783275899,2.181GiB / 15.39GiB
1783275901,2.181GiB / 15.39GiB
1783275903,2.182GiB / 15.39GiB
1783275905,2.181GiB / 15.39GiB
1783275907,2.181GiB / 15.39GiB
1783275909,2.181GiB / 15.39GiB
1783275911,2.181GiB / 15.39GiB
1783275913,2.182GiB / 15.39GiB
1783275915,1.91GiB / 15.39GiB
1783275917,1.91GiB / 15.39GiB
1783275919,1.911GiB / 15.39GiB
1783275921,1.91GiB / 15.39GiB
1783275923,1.91GiB / 15.39GiB
1783275925,1.911GiB / 15.39GiB
