1783273526,165.3MiB / 15.39GiB
1783273528,165.9MiB / 15.39GiB
1783273530,165.2MiB / 15.39GiB
1783273532,165.2MiB / 15.39GiB
1783273534,165.5MiB / 15.39GiB
1783273536,165MiB / 15.39GiB
1783273538,204MiB / 15.39GiB
1783273540,206.6MiB / 15.39GiB
1783273542,210.7MiB / 15.39GiB
1783273544,275.4MiB / 15.39GiB
1783273546,240.9MiB / 15.39GiB
1783273548,241MiB / 15.39GiB
1783273550,240.5MiB / 15.39GiB
1783273552,240.1MiB / 15.39GiB
1783273554,229.1MiB / 15.39GiB
1783273556,242.9MiB / 15.39GiB
1783273558,250.9MiB / 15.39GiB
1783273560,1.208GiB / 15.39GiB
1783273563,1.506GiB / 15.39GiB
1783273565,1.664GiB / 15.39GiB
1783273567,1.727GiB / 15.39GiB
1783273569,1.811GiB / 15.39GiB
1783273571,1.728GiB / 15.39GiB
1783273573,1.717GiB / 15.39GiB
1783273575,1.76GiB / 15.39GiB
1783273577,1.77GiB / 15.39GiB
1783273579,1.787GiB / 15.39GiB
1783273581,1.801GiB / 15.39GiB
1783273583,1.814GiB / 15.39GiB
1783273585,1.824GiB / 15.39GiB
1783273587,1.916GiB / 15.39GiB
1783273589,1.875GiB / 15.39GiB
1783273591,1.85GiB / 15.39GiB
1783273593,2.113GiB / 15.39GiB
1783273595,1.875GiB / 15.39GiB
1783273597,1.856GiB / 15.39GiB
1783273599,1.873GiB / 15.39GiB
1783273601,1.914GiB / 15.39GiB
1783273603,1.938GiB / 15.39GiB
1783273605,1.947GiB / 15.39GiB
1783273607,1.961GiB / 15.39GiB
1783273609,2.016GiB / 15.39GiB
1783273611,2.141GiB / 15.39GiB
1783273613,1.978GiB / 15.39GiB
1783273615,2.014GiB / 15.39GiB
1783273617,2.025GiB / 15.39GiB
1783273619,2.038GiB / 15.39GiB
1783273621,2.021GiB / 15.39GiB
1783273623,2.076GiB / 15.39GiB
1783273625,2.069GiB / 15.39GiB
1783273627,2.083GiB / 15.39GiB
1783273629,2.059GiB / 15.39GiB
1783273631,2.237GiB / 15.39GiB
1783273633,2.118GiB / 15.39GiB
1783273635,2.124GiB / 15.39GiB
1783273637,2.139GiB / 15.39GiB
1783273639,2.188GiB / 15.39GiB
1783273641,2.172GiB / 15.39GiB
1783273643,2.208GiB / 15.39GiB
1783273645,2.176GiB / 15.39GiB
1783273647,2.226GiB / 15.39GiB
1783273649,2.24GiB / 15.39GiB
1783273651,2.258GiB / 15.39GiB
1783273653,2.262GiB / 15.39GiB
1783273655,2.274GiB / 15.39GiB
1783273657,2.285GiB / 15.39GiB
1783273659,2.32GiB / 15.39GiB
1783273661,2.284GiB / 15.39GiB
1783273663,2.414GiB / 15.39GiB
1783273665,2.316GiB / 15.39GiB
1783273667,2.329GiB / 15.39GiB
1783273669,2.344GiB / 15.39GiB
1783273671,2.364GiB / 15.39GiB
1783273673,2.389GiB / 15.39GiB
1783273675,2.795GiB / 15.39GiB
1783273677,2.432GiB / 15.39GiB
1783273679,2.442GiB / 15.39GiB
1783273681,2.459GiB / 15.39GiB
1783273684,2.471GiB / 15.39GiB
1783273686,2.439GiB / 15.39GiB
1783273688,2.483GiB / 15.39GiB
1783273690,2.497GiB / 15.39GiB
1783273692,2.478GiB / 15.39GiB
1783273694,2.499GiB / 15.39GiB
1783273696,2.521GiB / 15.39GiB
1783273698,2.533GiB / 15.39GiB
1783273700,2.528GiB / 15.39GiB
1783273702,2.575GiB / 15.39GiB
1783273704,2.585GiB / 15.39GiB
1783273706,1.645GiB / 15.39GiB
1783273708,1.628GiB / 15.39GiB
1783273710,1.639GiB / 15.39GiB
1783273712,1.689GiB / 15.39GiB
1783273714,1.701GiB / 15.39GiB
1783273716,1.673GiB / 15.39GiB
1783273718,1.712GiB / 15.39GiB
1783273720,1.704GiB / 15.39GiB
1783273722,1.724GiB / 15.39GiB
1783273724,1.761GiB / 15.39GiB
1783273726,1.773GiB / 15.39GiB
1783273728,1.745GiB / 15.39GiB
1783273730,1.772GiB / 15.39GiB
1783273732,1.951GiB / 15.39GiB
1783273734,1.853GiB / 15.39GiB
1783273736,1.802GiB / 15.39GiB
1783273738,1.853GiB / 15.39GiB
1783273740,1.869GiB / 15.39GiB
1783273742,1.881GiB / 15.39GiB
1783273744,1.895GiB / 15.39GiB
1783273746,1.911GiB / 15.39GiB
1783273748,1.925GiB / 15.39GiB
1783273750,2.02GiB / 15.39GiB
1783273752,1.946GiB / 15.39GiB
1783273754,1.948GiB / 15.39GiB
1783273756,1.987GiB / 15.39GiB
1783273758,2.226GiB / 15.39GiB
1783273760,2.014GiB / 15.39GiB
1783273762,2.025GiB / 15.39GiB
1783273764,2.042GiB / 15.39GiB
1783273766,2.055GiB / 15.39GiB
1783273768,2.155GiB / 15.39GiB
1783273770,2.07GiB / 15.39GiB
1783273772,2.147GiB / 15.39GiB
1783273774,2.064GiB / 15.39GiB
1783273776,2.108GiB / 15.39GiB
1783273778,2.167GiB / 15.39GiB
1783273780,2.258GiB / 15.39GiB
1783273782,2.299GiB / 15.39GiB
1783273784,3.058GiB / 15.39GiB
1783273786,3.045GiB / 15.39GiB
1783273788,3.046GiB / 15.39GiB
1783273790,3.046GiB / 15.39GiB
1783273792,3.046GiB / 15.39GiB
1783273794,3.047GiB / 15.39GiB
1783273796,3.047GiB / 15.39GiB
1783273798,3.048GiB / 15.39GiB
1783273800,3.048GiB / 15.39GiB
1783273802,3.048GiB / 15.39GiB
1783273804,3.048GiB / 15.39GiB
1783273806,3.049GiB / 15.39GiB
1783273808,3.048GiB / 15.39GiB
1783273810,3.049GiB / 15.39GiB
1783273812,3.049GiB / 15.39GiB
1783273814,3.048GiB / 15.39GiB
1783273817,3.049GiB / 15.39GiB
1783273819,3.049GiB / 15.39GiB
1783273821,3.049GiB / 15.39GiB
1783273823,3.049GiB / 15.39GiB
1783273825,3.048GiB / 15.39GiB
1783273827,3.048GiB / 15.39GiB
1783273829,3.048GiB / 15.39GiB
1783273831,3.049GiB / 15.39GiB
1783273833,3.049GiB / 15.39GiB
1783273835,3.049GiB / 15.39GiB
1783273837,3.048GiB / 15.39GiB
1783273839,3.048GiB / 15.39GiB
1783273841,3.049GiB / 15.39GiB
1783273843,3.048GiB / 15.39GiB
1783273845,3.048GiB / 15.39GiB
1783273847,3.049GiB / 15.39GiB
1783273849,3.049GiB / 15.39GiB
1783273851,3.049GiB / 15.39GiB
1783273853,3.048GiB / 15.39GiB
1783273855,3.048GiB / 15.39GiB
1783273857,3.049GiB / 15.39GiB
1783273859,3.048GiB / 15.39GiB
1783273861,3.052GiB / 15.39GiB
1783273863,3.048GiB / 15.39GiB
1783273865,3.048GiB / 15.39GiB
1783273867,3.048GiB / 15.39GiB
1783273869,3.048GiB / 15.39GiB
1783273871,3.048GiB / 15.39GiB
1783273873,3.049GiB / 15.39GiB
1783273875,3.048GiB / 15.39GiB
1783273877,3.048GiB / 15.39GiB
1783273879,3.048GiB / 15.39GiB
1783273881,3.048GiB / 15.39GiB
1783273883,3.049GiB / 15.39GiB
1783273885,3.048GiB / 15.39GiB
1783273887,3.049GiB / 15.39GiB
1783273889,3.048GiB / 15.39GiB
1783273891,3.048GiB / 15.39GiB
1783273893,3.049GiB / 15.39GiB
1783273895,3.049GiB / 15.39GiB
1783273897,3.049GiB / 15.39GiB
1783273899,3.049GiB / 15.39GiB
1783273901,3.049GiB / 15.39GiB
1783273903,3.048GiB / 15.39GiB
1783273905,3.048GiB / 15.39GiB
1783273907,3.049GiB / 15.39GiB
1783273909,3.048GiB / 15.39GiB
1783273911,3.049GiB / 15.39GiB
1783273913,3.049GiB / 15.39GiB
1783273915,3.048GiB / 15.39GiB
1783273917,3.049GiB / 15.39GiB
1783273919,3.048GiB / 15.39GiB
1783273921,3.048GiB / 15.39GiB
1783273923,3.049GiB / 15.39GiB
1783273925,3.048GiB / 15.39GiB
1783273927,3.049GiB / 15.39GiB
1783273929,3.048GiB / 15.39GiB
1783273931,3.049GiB / 15.39GiB
1783273933,3.049GiB / 15.39GiB
1783273935,3.048GiB / 15.39GiB
1783273937,3.049GiB / 15.39GiB
1783273939,3.048GiB / 15.39GiB
1783273941,3.049GiB / 15.39GiB
1783273943,3.048GiB / 15.39GiB
1783273946,3.049GiB / 15.39GiB
1783273948,3.049GiB / 15.39GiB
1783273950,3.049GiB / 15.39GiB
1783273952,3.049GiB / 15.39GiB
1783273954,3.048GiB / 15.39GiB
1783273956,3.048GiB / 15.39GiB
1783273958,3.048GiB / 15.39GiB
1783273960,3.049GiB / 15.39GiB
1783273962,3.048GiB / 15.39GiB
1783273964,3.049GiB / 15.39GiB
1783273966,3.048GiB / 15.39GiB
1783273968,3.049GiB / 15.39GiB
1783273970,3.048GiB / 15.39GiB
1783273972,3.049GiB / 15.39GiB
1783273974,3.049GiB / 15.39GiB
1783273976,3.049GiB / 15.39GiB
1783273978,3.049GiB / 15.39GiB
1783273980,3.049GiB / 15.39GiB
1783273982,3.049GiB / 15.39GiB
1783273984,3.049GiB / 15.39GiB
1783273986,3.048GiB / 15.39GiB
1783273988,3.048GiB / 15.39GiB
1783273990,3.048GiB / 15.39GiB
1783273992,3.048GiB / 15.39GiB
1783273994,3.048GiB / 15.39GiB
1783273996,3.048GiB / 15.39GiB
1783273998,3.048GiB / 15.39GiB
1783274000,3.049GiB / 15.39GiB
1783274002,3.049GiB / 15.39GiB
1783274004,3.049GiB / 15.39GiB
1783274006,3.048GiB / 15.39GiB
1783274008,3.049GiB / 15.39GiB
1783274010,3.049GiB / 15.39GiB
1783274012,3.048GiB / 15.39GiB
1783274014,3.049GiB / 15.39GiB
1783274016,3.049GiB / 15.39GiB
1783274018,3.048GiB / 15.39GiB
1783274020,3.049GiB / 15.39GiB
1783274022,3.048GiB / 15.39GiB
1783274024,3.049GiB / 15.39GiB
1783274026,3.048GiB / 15.39GiB
1783274028,3.048GiB / 15.39GiB
1783274030,3.049GiB / 15.39GiB
1783274032,3.049GiB / 15.39GiB
1783274034,3.048GiB / 15.39GiB
1783274036,3.048GiB / 15.39GiB
1783274038,3.048GiB / 15.39GiB
1783274040,3.049GiB / 15.39GiB
1783274042,3.048GiB / 15.39GiB
1783274044,3.048GiB / 15.39GiB
1783274046,3.049GiB / 15.39GiB
1783274048,3.048GiB / 15.39GiB
1783274050,3.054GiB / 15.39GiB
1783274052,3.048GiB / 15.39GiB
1783274054,3.048GiB / 15.39GiB
1783274056,3.048GiB / 15.39GiB
1783274058,3.048GiB / 15.39GiB
1783274060,3.048GiB / 15.39GiB
1783274062,3.048GiB / 15.39GiB
1783274064,3.049GiB / 15.39GiB
1783274066,3.048GiB / 15.39GiB
1783274068,3.048GiB / 15.39GiB
1783274071,3.048GiB / 15.39GiB
1783274073,3.049GiB / 15.39GiB
1783274075,3.049GiB / 15.39GiB
1783274077,3.048GiB / 15.39GiB
1783274079,3.048GiB / 15.39GiB
1783274081,3.048GiB / 15.39GiB
1783274083,3.048GiB / 15.39GiB
1783274085,3.048GiB / 15.39GiB
1783274087,3.049GiB / 15.39GiB
1783274089,3.049GiB / 15.39GiB
1783274091,3.048GiB / 15.39GiB
1783274093,3.048GiB / 15.39GiB
1783274095,3.048GiB / 15.39GiB
1783274097,3.049GiB / 15.39GiB
1783274099,3.049GiB / 15.39GiB
1783274101,3.049GiB / 15.39GiB
1783274103,3.049GiB / 15.39GiB
1783274105,3.048GiB / 15.39GiB
1783274107,3.061GiB / 15.39GiB
1783274109,3.048GiB / 15.39GiB
1783274111,3.049GiB / 15.39GiB
1783274113,3.048GiB / 15.39GiB
1783274115,3.048GiB / 15.39GiB
1783274117,3.048GiB / 15.39GiB
1783274119,3.048GiB / 15.39GiB
1783274121,3.048GiB / 15.39GiB
1783274123,3.048GiB / 15.39GiB
1783274125,3.049GiB / 15.39GiB
1783274127,3.048GiB / 15.39GiB
1783274129,3.048GiB / 15.39GiB
1783274131,3.049GiB / 15.39GiB
1783274133,3.049GiB / 15.39GiB
1783274135,3.048GiB / 15.39GiB
1783274137,3.049GiB / 15.39GiB
1783274139,3.049GiB / 15.39GiB
1783274141,3.049GiB / 15.39GiB
1783274143,3.036GiB / 15.39GiB
1783274145,3.036GiB / 15.39GiB
1783274147,3.021GiB / 15.39GiB
1783274149,2.849GiB / 15.39GiB
1783274151,2.848GiB / 15.39GiB
1783274153,2.849GiB / 15.39GiB
1783274155,2.848GiB / 15.39GiB
1783274157,2.848GiB / 15.39GiB
