1784763533,329.6MiB / 15.39GiB
1784763535,329.2MiB / 15.39GiB
1784763537,329.6MiB / 15.39GiB
1784763539,329.5MiB / 15.39GiB
1784763541,330.3MiB / 15.39GiB
1784763543,330.6MiB / 15.39GiB
1784763545,330MiB / 15.39GiB
1784763547,330MiB / 15.39GiB
1784763549,330.3MiB / 15.39GiB
1784763551,330.1MiB / 15.39GiB
1784763553,329.7MiB / 15.39GiB
1784763555,329.4MiB / 15.39GiB
1784763557,536.7MiB / 15.39GiB
1784763559,1.23GiB / 15.39GiB
1784763561,1.55GiB / 15.39GiB
1784763563,1.996GiB / 15.39GiB
1784763565,1.731GiB / 15.39GiB
1784763567,1.747GiB / 15.39GiB
1784763569,1.809GiB / 15.39GiB
1784763571,1.775GiB / 15.39GiB
1784763573,1.801GiB / 15.39GiB
1784763575,2.009GiB / 15.39GiB
1784763577,1.797GiB / 15.39GiB
1784763579,1.807GiB / 15.39GiB
1784763581,1.817GiB / 15.39GiB
1784763583,1.948GiB / 15.39GiB
1784763585,2.184GiB / 15.39GiB
1784763588,1.854GiB / 15.39GiB
1784763590,1.867GiB / 15.39GiB
1784763592,1.909GiB / 15.39GiB
1784763594,2.397GiB / 15.39GiB
1784763596,2.147GiB / 15.39GiB
1784763598,1.919GiB / 15.39GiB
1784763600,2.953GiB / 15.39GiB
1784763602,3.338GiB / 15.39GiB
1784763604,1.915GiB / 15.39GiB
1784763606,2.019GiB / 15.39GiB
1784763608,1.972GiB / 15.39GiB
1784763610,2.447GiB / 15.39GiB
1784763612,2.413GiB / 15.39GiB
1784763614,2.055GiB / 15.39GiB
1784763616,2.062GiB / 15.39GiB
1784763618,2.068GiB / 15.39GiB
1784763620,2.289GiB / 15.39GiB
1784763622,2.127GiB / 15.39GiB
1784763624,2.16GiB / 15.39GiB
1784763626,2.836GiB / 15.39GiB
1784763628,2.176GiB / 15.39GiB
1784763630,2.238GiB / 15.39GiB
1784763632,2.82GiB / 15.39GiB
1784763634,2.212GiB / 15.39GiB
1784763636,2.16GiB / 15.39GiB
1784763638,2.226GiB / 15.39GiB
1784763640,2.717GiB / 15.39GiB
1784763642,2.244GiB / 15.39GiB
1784763644,2.265GiB / 15.39GiB
1784763646,2.224GiB / 15.39GiB
1784763648,2.771GiB / 15.39GiB
1784763650,2.281GiB / 15.39GiB
1784763652,2.29GiB / 15.39GiB
1784763654,2.301GiB / 15.39GiB
1784763656,2.323GiB / 15.39GiB
1784763658,2.373GiB / 15.39GiB
1784763660,2.381GiB / 15.39GiB
1784763662,2.397GiB / 15.39GiB
1784763664,4.31GiB / 15.39GiB
1784763666,3.985GiB / 15.39GiB
1784763668,5.331GiB / 15.39GiB
1784763670,2.462GiB / 15.39GiB
1784763672,2.521GiB / 15.39GiB
1784763674,2.532GiB / 15.39GiB
1784763676,2.579GiB / 15.39GiB
1784763678,2.694GiB / 15.39GiB
1784763680,2.584GiB / 15.39GiB
1784763682,2.549GiB / 15.39GiB
1784763684,2.999GiB / 15.39GiB
1784763686,3.119GiB / 15.39GiB
1784763688,2.859GiB / 15.39GiB
1784763690,2.757GiB / 15.39GiB
1784763692,2.941GiB / 15.39GiB
1784763694,3.189GiB / 15.39GiB
1784763696,3.593GiB / 15.39GiB
1784763698,2.708GiB / 15.39GiB
1784763700,2.713GiB / 15.39GiB
1784763702,2.689GiB / 15.39GiB
1784763705,2.974GiB / 15.39GiB
1784763707,2.907GiB / 15.39GiB
1784763709,2.895GiB / 15.39GiB
1784763711,2.791GiB / 15.39GiB
1784763713,2.82GiB / 15.39GiB
1784763715,2.823GiB / 15.39GiB
1784763717,2.873GiB / 15.39GiB
1784763719,2.869GiB / 15.39GiB
1784763721,2.821GiB / 15.39GiB
1784763723,3.002GiB / 15.39GiB
1784763725,2.846GiB / 15.39GiB
1784763727,3.272GiB / 15.39GiB
1784763729,2.852GiB / 15.39GiB
1784763731,2.887GiB / 15.39GiB
1784763733,2.867GiB / 15.39GiB
1784763735,2.888GiB / 15.39GiB
1784763737,2.902GiB / 15.39GiB
1784763739,2.953GiB / 15.39GiB
1784763741,2.966GiB / 15.39GiB
1784763743,2.985GiB / 15.39GiB
1784763745,2.988GiB / 15.39GiB
1784763747,3.286GiB / 15.39GiB
1784763749,3.038GiB / 15.39GiB
1784763751,3.036GiB / 15.39GiB
1784763753,3.042GiB / 15.39GiB
1784763755,3.885GiB / 15.39GiB
1784763757,3.113GiB / 15.39GiB
1784763759,3.312GiB / 15.39GiB
1784763761,3.164GiB / 15.39GiB
1784763763,3.168GiB / 15.39GiB
1784763765,4.164GiB / 15.39GiB
1784763767,3.174GiB / 15.39GiB
1784763769,3.218GiB / 15.39GiB
1784763771,3.334GiB / 15.39GiB
1784763773,3.279GiB / 15.39GiB
1784763775,3.334GiB / 15.39GiB
1784763777,3.315GiB / 15.39GiB
1784763779,3.376GiB / 15.39GiB
1784763781,4.376GiB / 15.39GiB
1784763783,3.356GiB / 15.39GiB
1784763785,3.736GiB / 15.39GiB
1784763787,3.382GiB / 15.39GiB
1784763789,3.399GiB / 15.39GiB
1784763791,3.397GiB / 15.39GiB
1784763793,3.405GiB / 15.39GiB
1784763795,3.452GiB / 15.39GiB
1784763797,3.615GiB / 15.39GiB
1784763799,3.482GiB / 15.39GiB
1784763801,3.722GiB / 15.39GiB
1784763803,3.506GiB / 15.39GiB
1784763805,3.53GiB / 15.39GiB
1784763807,3.552GiB / 15.39GiB
1784763809,3.553GiB / 15.39GiB
1784763811,4.341GiB / 15.39GiB
1784763813,3.57GiB / 15.39GiB
1784763815,3.571GiB / 15.39GiB
1784763818,3.514GiB / 15.39GiB
1784763820,3.542GiB / 15.39GiB
1784763822,3.557GiB / 15.39GiB
1784763824,3.57GiB / 15.39GiB
1784763826,3.626GiB / 15.39GiB
1784763828,4.908GiB / 15.39GiB
1784763830,5.949GiB / 15.39GiB
1784763832,1.984GiB / 15.39GiB
1784763834,1.994GiB / 15.39GiB
1784763836,3.358GiB / 15.39GiB
1784763838,2.817GiB / 15.39GiB
1784763840,3.396GiB / 15.39GiB
1784763842,2.022GiB / 15.39GiB
1784763844,2.592GiB / 15.39GiB
1784763846,2.023GiB / 15.39GiB
1784763848,2.037GiB / 15.39GiB
1784763850,2.023GiB / 15.39GiB
1784763852,2.024GiB / 15.39GiB
1784763854,2.023GiB / 15.39GiB
1784763856,2.035GiB / 15.39GiB
1784763858,2.045GiB / 15.39GiB
1784763860,3.057GiB / 15.39GiB
1784763862,2.057GiB / 15.39GiB
1784763864,2.144GiB / 15.39GiB
1784763866,2.079GiB / 15.39GiB
1784763868,2.08GiB / 15.39GiB
1784763870,2.08GiB / 15.39GiB
1784763872,2.146GiB / 15.39GiB
1784763874,2.541GiB / 15.39GiB
1784763876,2.088GiB / 15.39GiB
1784763878,2.088GiB / 15.39GiB
1784763880,3.081GiB / 15.39GiB
1784763882,2.089GiB / 15.39GiB
1784763884,2.089GiB / 15.39GiB
1784763886,2.102GiB / 15.39GiB
1784763888,2.202GiB / 15.39GiB
1784763890,2.128GiB / 15.39GiB
1784763892,2.197GiB / 15.39GiB
1784763894,2.153GiB / 15.39GiB
1784763896,2.163GiB / 15.39GiB
1784763898,2.202GiB / 15.39GiB
1784763900,2.164GiB / 15.39GiB
1784763902,2.975GiB / 15.39GiB
1784763904,2.19GiB / 15.39GiB
1784763906,2.19GiB / 15.39GiB
1784763908,2.19GiB / 15.39GiB
1784763910,2.19GiB / 15.39GiB
1784763912,2.198GiB / 15.39GiB
1784763914,2.199GiB / 15.39GiB
1784763916,2.214GiB / 15.39GiB
1784763918,2.476GiB / 15.39GiB
1784763920,2.241GiB / 15.39GiB
1784763922,2.353GiB / 15.39GiB
1784763924,2.419GiB / 15.39GiB
1784763926,2.274GiB / 15.39GiB
1784763928,2.275GiB / 15.39GiB
1784763930,2.311GiB / 15.39GiB
1784763932,2.275GiB / 15.39GiB
1784763935,3.083GiB / 15.39GiB
1784763937,2.756GiB / 15.39GiB
1784763939,2.276GiB / 15.39GiB
1784763941,2.57GiB / 15.39GiB
1784763943,2.276GiB / 15.39GiB
1784763945,3.819GiB / 15.39GiB
1784763947,4.665GiB / 15.39GiB
1784763949,2.47GiB / 15.39GiB
1784763951,2.488GiB / 15.39GiB
1784763953,2.499GiB / 15.39GiB
1784763955,4.256GiB / 15.39GiB
1784763957,4.521GiB / 15.39GiB
1784763959,5.718GiB / 15.39GiB
1784763961,2.611GiB / 15.39GiB
1784763963,2.623GiB / 15.39GiB
1784763965,2.616GiB / 15.39GiB
1784763967,2.616GiB / 15.39GiB
1784763969,2.616GiB / 15.39GiB
1784763971,2.618GiB / 15.39GiB
1784763973,2.616GiB / 15.39GiB
1784763975,2.864GiB / 15.39GiB
1784763977,2.616GiB / 15.39GiB
1784763979,2.917GiB / 15.39GiB
1784763981,2.655GiB / 15.39GiB
1784763983,2.669GiB / 15.39GiB
1784763985,2.739GiB / 15.39GiB
1784763987,2.723GiB / 15.39GiB
1784763989,2.743GiB / 15.39GiB
1784763991,2.752GiB / 15.39GiB
1784763993,2.767GiB / 15.39GiB
1784763995,2.786GiB / 15.39GiB
1784763997,2.786GiB / 15.39GiB
1784763999,2.785GiB / 15.39GiB
1784764001,2.786GiB / 15.39GiB
1784764003,2.786GiB / 15.39GiB
1784764005,2.785GiB / 15.39GiB
1784764007,2.786GiB / 15.39GiB
1784764009,2.786GiB / 15.39GiB
1784764011,3.111GiB / 15.39GiB
1784764013,2.785GiB / 15.39GiB
1784764015,3.267GiB / 15.39GiB
1784764017,2.88GiB / 15.39GiB
1784764019,2.803GiB / 15.39GiB
1784764021,2.82GiB / 15.39GiB
1784764023,2.841GiB / 15.39GiB
1784764025,2.851GiB / 15.39GiB
1784764027,3.254GiB / 15.39GiB
1784764029,2.88GiB / 15.39GiB
1784764031,2.881GiB / 15.39GiB
1784764033,2.882GiB / 15.39GiB
1784764035,3.341GiB / 15.39GiB
1784764037,2.882GiB / 15.39GiB
1784764039,2.882GiB / 15.39GiB
1784764041,2.882GiB / 15.39GiB
1784764043,3.153GiB / 15.39GiB
1784764045,2.883GiB / 15.39GiB
1784764047,2.883GiB / 15.39GiB
1784764050,2.882GiB / 15.39GiB
1784764052,2.882GiB / 15.39GiB
1784764054,2.883GiB / 15.39GiB
1784764056,2.886GiB / 15.39GiB
1784764058,2.907GiB / 15.39GiB
1784764060,2.93GiB / 15.39GiB
1784764062,4.813GiB / 15.39GiB
1784764064,4.6GiB / 15.39GiB
1784764066,4.127GiB / 15.39GiB
1784764068,3.658GiB / 15.39GiB
1784764070,4.396GiB / 15.39GiB
1784764072,2.851GiB / 15.39GiB
1784764074,2.797GiB / 15.39GiB
1784764076,2.886GiB / 15.39GiB
1784764078,2.887GiB / 15.39GiB
1784764080,2.884GiB / 15.39GiB
1784764082,2.884GiB / 15.39GiB
1784764084,2.992GiB / 15.39GiB
1784764086,2.959GiB / 15.39GiB
1784764088,2.883GiB / 15.39GiB
1784764090,2.888GiB / 15.39GiB
1784764092,2.888GiB / 15.39GiB
1784764094,2.888GiB / 15.39GiB
1784764096,3.734GiB / 15.39GiB
1784764098,2.89GiB / 15.39GiB
1784764100,2.892GiB / 15.39GiB
1784764102,2.906GiB / 15.39GiB
1784764104,2.919GiB / 15.39GiB
1784764106,2.94GiB / 15.39GiB
1784764108,3.32GiB / 15.39GiB
1784764110,3.064GiB / 15.39GiB
1784764112,2.982GiB / 15.39GiB
1784764114,3.248GiB / 15.39GiB
1784764116,3.005GiB / 15.39GiB
1784764118,3.005GiB / 15.39GiB
1784764120,3.012GiB / 15.39GiB
1784764122,3.006GiB / 15.39GiB
1784764124,3.005GiB / 15.39GiB
1784764126,3.399GiB / 15.39GiB
1784764128,3.006GiB / 15.39GiB
1784764130,3.006GiB / 15.39GiB
1784764132,3.479GiB / 15.39GiB
1784764134,3.005GiB / 15.39GiB
1784764136,3.006GiB / 15.39GiB
1784764138,3.005GiB / 15.39GiB
1784764140,3.357GiB / 15.39GiB
1784764142,3.164GiB / 15.39GiB
1784764144,3.006GiB / 15.39GiB
1784764146,3.015GiB / 15.39GiB
1784764148,3.028GiB / 15.39GiB
1784764150,3.042GiB / 15.39GiB
1784764152,4.301GiB / 15.39GiB
1784764154,4.863GiB / 15.39GiB
1784764156,2.976GiB / 15.39GiB
1784764158,3.26GiB / 15.39GiB
1784764160,3.356GiB / 15.39GiB
1784764162,3.028GiB / 15.39GiB
1784764164,3.042GiB / 15.39GiB
1784764166,3.081GiB / 15.39GiB
1784764169,3.08GiB / 15.39GiB
1784764171,3.66GiB / 15.39GiB
1784764173,3.081GiB / 15.39GiB
1784764175,3.333GiB / 15.39GiB
1784764177,3.082GiB / 15.39GiB
1784764179,3.134GiB / 15.39GiB
1784764181,3.261GiB / 15.39GiB
1784764183,3.082GiB / 15.39GiB
1784764185,3.107GiB / 15.39GiB
1784764187,5.172GiB / 15.39GiB
1784764189,5.175GiB / 15.39GiB
1784764191,5.594GiB / 15.39GiB
1784764193,2.876GiB / 15.39GiB
1784764195,2.899GiB / 15.39GiB
1784764197,2.912GiB / 15.39GiB
1784764199,2.924GiB / 15.39GiB
1784764201,2.958GiB / 15.39GiB
1784764203,3.213GiB / 15.39GiB
1784764205,3.008GiB / 15.39GiB
1784764207,3.349GiB / 15.39GiB
1784764209,3.056GiB / 15.39GiB
1784764211,3.085GiB / 15.39GiB
1784764213,3.415GiB / 15.39GiB
1784764215,3.343GiB / 15.39GiB
1784764217,4.17GiB / 15.39GiB
1784764219,3.172GiB / 15.39GiB
1784764221,3.3GiB / 15.39GiB
1784764223,3.299GiB / 15.39GiB
1784764225,3.314GiB / 15.39GiB
1784764227,3.323GiB / 15.39GiB
1784764229,3.385GiB / 15.39GiB
1784764231,3.329GiB / 15.39GiB
1784764233,3.334GiB / 15.39GiB
1784764235,3.342GiB / 15.39GiB
1784764237,3.349GiB / 15.39GiB
1784764239,3.598GiB / 15.39GiB
1784764241,3.365GiB / 15.39GiB
1784764243,3.375GiB / 15.39GiB
1784764245,3.379GiB / 15.39GiB
1784764247,3.386GiB / 15.39GiB
1784764249,3.388GiB / 15.39GiB
1784764251,3.396GiB / 15.39GiB
1784764253,3.401GiB / 15.39GiB
1784764255,3.421GiB / 15.39GiB
1784764257,4.341GiB / 15.39GiB
1784764259,4.139GiB / 15.39GiB
1784764261,3.46GiB / 15.39GiB
1784764263,3.477GiB / 15.39GiB
1784764265,4.952GiB / 15.39GiB
1784764267,3.505GiB / 15.39GiB
1784764269,3.524GiB / 15.39GiB
1784764271,3.545GiB / 15.39GiB
1784764273,3.665GiB / 15.39GiB
1784764275,3.588GiB / 15.39GiB
1784764277,3.726GiB / 15.39GiB
1784764279,3.628GiB / 15.39GiB
1784764281,3.627GiB / 15.39GiB
1784764283,3.628GiB / 15.39GiB
1784764286,3.636GiB / 15.39GiB
1784764288,3.646GiB / 15.39GiB
1784764290,4.317GiB / 15.39GiB
1784764292,3.651GiB / 15.39GiB
1784764294,3.788GiB / 15.39GiB
1784764296,3.666GiB / 15.39GiB
1784764298,3.675GiB / 15.39GiB
1784764300,3.683GiB / 15.39GiB
1784764302,3.885GiB / 15.39GiB
1784764304,3.703GiB / 15.39GiB
1784764306,3.721GiB / 15.39GiB
1784764308,4.473GiB / 15.39GiB
1784764310,3.728GiB / 15.39GiB
1784764312,5.553GiB / 15.39GiB
1784764314,6.05GiB / 15.39GiB
1784764316,3.521GiB / 15.39GiB
1784764318,3.214GiB / 15.39GiB
1784764320,3.219GiB / 15.39GiB
1784764322,3.313GiB / 15.39GiB
1784764324,3.325GiB / 15.39GiB
1784764326,3.724GiB / 15.39GiB
1784764328,3.371GiB / 15.39GiB
1784764330,3.372GiB / 15.39GiB
1784764332,3.386GiB / 15.39GiB
1784764334,3.89GiB / 15.39GiB
1784764336,3.421GiB / 15.39GiB
1784764338,3.427GiB / 15.39GiB
1784764340,3.436GiB / 15.39GiB
1784764342,3.436GiB / 15.39GiB
1784764344,3.435GiB / 15.39GiB
1784764346,3.585GiB / 15.39GiB
1784764348,3.523GiB / 15.39GiB
1784764350,3.441GiB / 15.39GiB
1784764352,3.434GiB / 15.39GiB
1784764354,3.434GiB / 15.39GiB
1784764356,3.536GiB / 15.39GiB
1784764358,4.01GiB / 15.39GiB
1784764360,3.434GiB / 15.39GiB
1784764362,3.434GiB / 15.39GiB
1784764364,3.434GiB / 15.39GiB
1784764366,3.434GiB / 15.39GiB
1784764368,3.434GiB / 15.39GiB
1784764370,3.591GiB / 15.39GiB
1784764372,3.591GiB / 15.39GiB
1784764374,4.664GiB / 15.39GiB
1784764376,5.66GiB / 15.39GiB
1784764378,5.443GiB / 15.39GiB
1784764380,6.129GiB / 15.39GiB
1784764382,3.421GiB / 15.39GiB
1784764384,3.496GiB / 15.39GiB
1784764386,3.489GiB / 15.39GiB
1784764388,3.427GiB / 15.39GiB
1784764390,3.518GiB / 15.39GiB
1784764393,3.548GiB / 15.39GiB
1784764395,3.549GiB / 15.39GiB
1784764397,3.562GiB / 15.39GiB
1784764399,3.668GiB / 15.39GiB
1784764401,3.602GiB / 15.39GiB
1784764403,3.659GiB / 15.39GiB
1784764405,3.676GiB / 15.39GiB
1784764407,3.712GiB / 15.39GiB
1784764409,4.027GiB / 15.39GiB
1784764411,3.73GiB / 15.39GiB
1784764413,3.746GiB / 15.39GiB
1784764415,3.75GiB / 15.39GiB
1784764417,3.834GiB / 15.39GiB
1784764419,3.884GiB / 15.39GiB
1784764421,3.884GiB / 15.39GiB
1784764423,3.884GiB / 15.39GiB
1784764425,3.885GiB / 15.39GiB
1784764427,3.885GiB / 15.39GiB
1784764429,5.609GiB / 15.39GiB
1784764431,5.442GiB / 15.39GiB
1784764433,4.013GiB / 15.39GiB
1784764435,3.889GiB / 15.39GiB
1784764437,4.941GiB / 15.39GiB
1784764439,5.298GiB / 15.39GiB
1784764441,3.844GiB / 15.39GiB
1784764443,3.845GiB / 15.39GiB
1784764445,4.082GiB / 15.39GiB
1784764447,4.082GiB / 15.39GiB
1784764449,4.083GiB / 15.39GiB
1784764451,4.083GiB / 15.39GiB
1784764453,4.093GiB / 15.39GiB
1784764455,4.085GiB / 15.39GiB
1784764457,4.086GiB / 15.39GiB
1784764459,4.388GiB / 15.39GiB
1784764461,4.085GiB / 15.39GiB
1784764463,4.086GiB / 15.39GiB
1784764465,4.086GiB / 15.39GiB
1784764467,4.298GiB / 15.39GiB
1784764469,4.09GiB / 15.39GiB
1784764471,4.104GiB / 15.39GiB
1784764473,4.121GiB / 15.39GiB
1784764475,4.443GiB / 15.39GiB
1784764477,4.15GiB / 15.39GiB
1784764479,4.165GiB / 15.39GiB
1784764481,4.184GiB / 15.39GiB
1784764483,4.196GiB / 15.39GiB
1784764485,4.209GiB / 15.39GiB
1784764487,4.228GiB / 15.39GiB
1784764489,4.239GiB / 15.39GiB
1784764492,4.251GiB / 15.39GiB
1784764494,4.267GiB / 15.39GiB
1784764496,4.274GiB / 15.39GiB
1784764498,4.273GiB / 15.39GiB
1784764500,4.28GiB / 15.39GiB
1784764502,4.273GiB / 15.39GiB
1784764504,4.274GiB / 15.39GiB
1784764506,4.273GiB / 15.39GiB
1784764508,4.273GiB / 15.39GiB
1784764510,4.273GiB / 15.39GiB
1784764512,4.609GiB / 15.39GiB
1784764514,4.274GiB / 15.39GiB
1784764516,4.398GiB / 15.39GiB
1784764518,4.522GiB / 15.39GiB
1784764520,4.273GiB / 15.39GiB
1784764522,4.274GiB / 15.39GiB
1784764524,4.274GiB / 15.39GiB
1784764526,4.274GiB / 15.39GiB
1784764528,4.384GiB / 15.39GiB
1784764530,4.274GiB / 15.39GiB
1784764532,4.274GiB / 15.39GiB
1784764534,4.274GiB / 15.39GiB
1784764536,4.274GiB / 15.39GiB
1784764538,4.274GiB / 15.39GiB
1784764540,4.274GiB / 15.39GiB
1784764542,4.274GiB / 15.39GiB
1784764544,4.288GiB / 15.39GiB
1784764546,4.309GiB / 15.39GiB
1784764548,5.314GiB / 15.39GiB
1784764550,4.282GiB / 15.39GiB
1784764552,4.292GiB / 15.39GiB
1784764554,4.304GiB / 15.39GiB
1784764556,4.32GiB / 15.39GiB
1784764558,4.737GiB / 15.39GiB
1784764560,4.44GiB / 15.39GiB
1784764562,4.608GiB / 15.39GiB
1784764564,5.125GiB / 15.39GiB
1784764566,4.358GiB / 15.39GiB
1784764568,4.366GiB / 15.39GiB
1784764570,4.747GiB / 15.39GiB
1784764572,4.829GiB / 15.39GiB
1784764574,4.408GiB / 15.39GiB
1784764576,4.452GiB / 15.39GiB
1784764578,4.452GiB / 15.39GiB
1784764580,4.448GiB / 15.39GiB
1784764582,4.449GiB / 15.39GiB
1784764584,4.449GiB / 15.39GiB
1784764586,4.449GiB / 15.39GiB
1784764588,4.449GiB / 15.39GiB
1784764590,4.449GiB / 15.39GiB
1784764592,4.45GiB / 15.39GiB
1784764594,4.449GiB / 15.39GiB
1784764596,4.449GiB / 15.39GiB
1784764599,4.449GiB / 15.39GiB
1784764601,4.56GiB / 15.39GiB
1784764603,4.45GiB / 15.39GiB
1784764605,4.759GiB / 15.39GiB
1784764607,4.45GiB / 15.39GiB
1784764609,4.449GiB / 15.39GiB
1784764611,4.45GiB / 15.39GiB
1784764613,4.46GiB / 15.39GiB
1784764615,4.898GiB / 15.39GiB
1784764617,4.45GiB / 15.39GiB
1784764619,4.449GiB / 15.39GiB
1784764621,4.45GiB / 15.39GiB
1784764623,5.325GiB / 15.39GiB
1784764625,4.625GiB / 15.39GiB
1784764627,4.453GiB / 15.39GiB
1784764629,4.958GiB / 15.39GiB
1784764631,4.764GiB / 15.39GiB
1784764633,4.499GiB / 15.39GiB
1784764635,4.517GiB / 15.39GiB
1784764637,4.524GiB / 15.39GiB
1784764639,4.688GiB / 15.39GiB
1784764641,4.552GiB / 15.39GiB
1784764643,4.568GiB / 15.39GiB
1784764645,4.582GiB / 15.39GiB
1784764647,5.318GiB / 15.39GiB
1784764649,5.935GiB / 15.39GiB
1784764651,4.551GiB / 15.39GiB
1784764653,4.561GiB / 15.39GiB
1784764655,4.572GiB / 15.39GiB
1784764657,5.05GiB / 15.39GiB
1784764659,4.643GiB / 15.39GiB
1784764661,4.642GiB / 15.39GiB
1784764663,4.639GiB / 15.39GiB
1784764665,4.64GiB / 15.39GiB
1784764667,4.789GiB / 15.39GiB
1784764669,4.646GiB / 15.39GiB
1784764671,4.64GiB / 15.39GiB
1784764673,4.641GiB / 15.39GiB
1784764675,5.871GiB / 15.39GiB
1784764677,6.138GiB / 15.39GiB
1784764679,4.788GiB / 15.39GiB
1784764681,4.561GiB / 15.39GiB
1784764683,4.562GiB / 15.39GiB
1784764685,4.563GiB / 15.39GiB
1784764687,5.449GiB / 15.39GiB
1784764689,4.763GiB / 15.39GiB
1784764691,4.568GiB / 15.39GiB
1784764693,4.568GiB / 15.39GiB
1784764695,4.568GiB / 15.39GiB
1784764697,4.579GiB / 15.39GiB
1784764699,4.578GiB / 15.39GiB
1784764701,4.579GiB / 15.39GiB
1784764704,4.579GiB / 15.39GiB
1784764706,4.58GiB / 15.39GiB
1784764708,5.062GiB / 15.39GiB
1784764710,4.58GiB / 15.39GiB
1784764712,4.58GiB / 15.39GiB
1784764714,4.582GiB / 15.39GiB
1784764716,4.666GiB / 15.39GiB
1784764718,4.581GiB / 15.39GiB
1784764720,4.582GiB / 15.39GiB
1784764722,4.589GiB / 15.39GiB
1784764724,5.395GiB / 15.39GiB
1784764726,5.438GiB / 15.39GiB
1784764728,6.767GiB / 15.39GiB
1784764730,4.685GiB / 15.39GiB
1784764732,4.367GiB / 15.39GiB
1784764734,4.638GiB / 15.39GiB
1784764736,4.653GiB / 15.39GiB
1784764738,4.414GiB / 15.39GiB
1784764740,4.425GiB / 15.39GiB
1784764742,4.564GiB / 15.39GiB
1784764744,4.454GiB / 15.39GiB
1784764746,4.467GiB / 15.39GiB
1784764748,4.57GiB / 15.39GiB
1784764750,4.49GiB / 15.39GiB
1784764752,4.971GiB / 15.39GiB
1784764754,4.528GiB / 15.39GiB
1784764756,4.597GiB / 15.39GiB
1784764758,4.636GiB / 15.39GiB
1784764760,4.636GiB / 15.39GiB
1784764762,4.634GiB / 15.39GiB
1784764764,4.634GiB / 15.39GiB
1784764766,4.635GiB / 15.39GiB
1784764768,4.936GiB / 15.39GiB
1784764770,4.873GiB / 15.39GiB
1784764772,4.866GiB / 15.39GiB
1784764774,4.637GiB / 15.39GiB
1784764776,4.637GiB / 15.39GiB
1784764778,4.887GiB / 15.39GiB
1784764780,4.888GiB / 15.39GiB
1784764782,4.889GiB / 15.39GiB
1784764784,4.904GiB / 15.39GiB
1784764786,4.915GiB / 15.39GiB
1784764788,4.916GiB / 15.39GiB
1784764790,4.914GiB / 15.39GiB
1784764792,4.912GiB / 15.39GiB
1784764794,4.913GiB / 15.39GiB
1784764796,4.916GiB / 15.39GiB
1784764798,4.917GiB / 15.39GiB
1784764800,4.927GiB / 15.39GiB
1784764802,4.927GiB / 15.39GiB
1784764804,4.928GiB / 15.39GiB
1784764806,4.926GiB / 15.39GiB
1784764809,4.927GiB / 15.39GiB
1784764811,4.928GiB / 15.39GiB
1784764813,4.929GiB / 15.39GiB
1784764815,4.951GiB / 15.39GiB
1784764817,4.951GiB / 15.39GiB
1784764819,4.967GiB / 15.39GiB
1784764821,4.935GiB / 15.39GiB
1784764823,4.936GiB / 15.39GiB
1784764825,4.937GiB / 15.39GiB
1784764827,4.939GiB / 15.39GiB
1784764829,4.938GiB / 15.39GiB
1784764831,4.938GiB / 15.39GiB
1784764833,4.938GiB / 15.39GiB
1784764835,4.937GiB / 15.39GiB
1784764837,4.938GiB / 15.39GiB
1784764839,4.939GiB / 15.39GiB
1784764841,4.941GiB / 15.39GiB
1784764843,4.955GiB / 15.39GiB
1784764845,4.969GiB / 15.39GiB
1784764847,4.968GiB / 15.39GiB
1784764849,4.968GiB / 15.39GiB
1784764851,4.959GiB / 15.39GiB
1784764853,4.96GiB / 15.39GiB
1784764855,4.96GiB / 15.39GiB
1784764857,4.961GiB / 15.39GiB
1784764859,4.961GiB / 15.39GiB
1784764861,4.962GiB / 15.39GiB
1784764863,4.961GiB / 15.39GiB
1784764865,4.96GiB / 15.39GiB
1784764867,4.96GiB / 15.39GiB
1784764869,4.962GiB / 15.39GiB
1784764871,4.962GiB / 15.39GiB
1784764873,4.963GiB / 15.39GiB
1784764875,4.963GiB / 15.39GiB
1784764877,4.963GiB / 15.39GiB
1784764879,4.962GiB / 15.39GiB
1784764881,4.964GiB / 15.39GiB
1784764883,4.964GiB / 15.39GiB
1784764885,4.965GiB / 15.39GiB
1784764887,4.965GiB / 15.39GiB
1784764889,4.965GiB / 15.39GiB
1784764891,4.965GiB / 15.39GiB
1784764893,4.966GiB / 15.39GiB
1784764895,4.966GiB / 15.39GiB
1784764897,4.967GiB / 15.39GiB
1784764899,4.969GiB / 15.39GiB
1784764901,4.969GiB / 15.39GiB
1784764903,4.97GiB / 15.39GiB
1784764905,4.969GiB / 15.39GiB
1784764907,4.969GiB / 15.39GiB
1784764909,4.97GiB / 15.39GiB
1784764911,4.971GiB / 15.39GiB
1784764913,4.971GiB / 15.39GiB
1784764915,4.972GiB / 15.39GiB
1784764917,4.973GiB / 15.39GiB
1784764919,4.972GiB / 15.39GiB
1784764921,4.973GiB / 15.39GiB
1784764924,4.973GiB / 15.39GiB
1784764926,4.975GiB / 15.39GiB
1784764928,4.975GiB / 15.39GiB
1784764930,4.976GiB / 15.39GiB
1784764932,4.976GiB / 15.39GiB
1784764934,4.976GiB / 15.39GiB
1784764936,4.976GiB / 15.39GiB
1784764938,4.977GiB / 15.39GiB
1784764940,4.978GiB / 15.39GiB
1784764942,4.983GiB / 15.39GiB
1784764944,4.982GiB / 15.39GiB
1784764946,4.983GiB / 15.39GiB
1784764948,4.983GiB / 15.39GiB
1784764950,4.982GiB / 15.39GiB
1784764952,4.982GiB / 15.39GiB
1784764954,4.983GiB / 15.39GiB
1784764956,4.984GiB / 15.39GiB
1784764958,4.985GiB / 15.39GiB
1784764960,4.984GiB / 15.39GiB
1784764962,4.984GiB / 15.39GiB
1784764964,4.984GiB / 15.39GiB
1784764966,4.983GiB / 15.39GiB
1784764968,4.985GiB / 15.39GiB
1784764970,4.985GiB / 15.39GiB
1784764972,4.986GiB / 15.39GiB
1784764974,4.986GiB / 15.39GiB
1784764976,4.986GiB / 15.39GiB
1784764978,4.986GiB / 15.39GiB
1784764980,4.987GiB / 15.39GiB
1784764982,4.987GiB / 15.39GiB
1784764984,4.989GiB / 15.39GiB
1784764986,4.989GiB / 15.39GiB
1784764988,5.014GiB / 15.39GiB
1784764990,5.014GiB / 15.39GiB
1784764992,5.013GiB / 15.39GiB
1784764994,5.003GiB / 15.39GiB
1784764996,5.004GiB / 15.39GiB
1784764998,5.006GiB / 15.39GiB
1784765000,5.006GiB / 15.39GiB
1784765002,5.006GiB / 15.39GiB
1784765004,5.007GiB / 15.39GiB
1784765006,5.006GiB / 15.39GiB
1784765008,5.006GiB / 15.39GiB
1784765010,5.006GiB / 15.39GiB
1784765012,5.007GiB / 15.39GiB
1784765014,5.008GiB / 15.39GiB
1784765016,5.025GiB / 15.39GiB
1784765018,5.033GiB / 15.39GiB
1784765020,5.033GiB / 15.39GiB
1784765022,5.032GiB / 15.39GiB
1784765024,5.033GiB / 15.39GiB
1784765026,5.034GiB / 15.39GiB
1784765028,5.035GiB / 15.39GiB
1784765030,5.039GiB / 15.39GiB
1784765032,5.043GiB / 15.39GiB
1784765034,5.043GiB / 15.39GiB
1784765036,5.043GiB / 15.39GiB
1784765038,5.04GiB / 15.39GiB
1784765040,5.04GiB / 15.39GiB
1784765042,5.041GiB / 15.39GiB
1784765044,5.049GiB / 15.39GiB
1784765046,5.052GiB / 15.39GiB
1784765048,5.052GiB / 15.39GiB
1784765050,5.052GiB / 15.39GiB
1784765053,5.053GiB / 15.39GiB
1784765055,5.053GiB / 15.39GiB
1784765057,5.054GiB / 15.39GiB
1784765059,5.066GiB / 15.39GiB
1784765061,5.069GiB / 15.39GiB
1784765063,5.071GiB / 15.39GiB
1784765065,5.071GiB / 15.39GiB
1784765067,5.071GiB / 15.39GiB
1784765069,5.072GiB / 15.39GiB
1784765071,5.072GiB / 15.39GiB
1784765073,5.083GiB / 15.39GiB
1784765075,5.098GiB / 15.39GiB
1784765077,5.083GiB / 15.39GiB
1784765079,5.083GiB / 15.39GiB
1784765081,5.084GiB / 15.39GiB
1784765083,5.085GiB / 15.39GiB
1784765085,5.086GiB / 15.39GiB
1784765087,5.095GiB / 15.39GiB
1784765089,5.099GiB / 15.39GiB
1784765091,5.1GiB / 15.39GiB
1784765093,5.099GiB / 15.39GiB
1784765095,5.101GiB / 15.39GiB
1784765097,5.101GiB / 15.39GiB
1784765099,5.102GiB / 15.39GiB
1784765101,5.105GiB / 15.39GiB
1784765103,5.112GiB / 15.39GiB
1784765105,5.112GiB / 15.39GiB
1784765107,5.112GiB / 15.39GiB
1784765109,5.113GiB / 15.39GiB
1784765111,5.114GiB / 15.39GiB
1784765113,5.114GiB / 15.39GiB
1784765115,5.123GiB / 15.39GiB
1784765117,5.131GiB / 15.39GiB
1784765119,5.131GiB / 15.39GiB
1784765121,5.131GiB / 15.39GiB
1784765123,5.132GiB / 15.39GiB
1784765125,5.132GiB / 15.39GiB
1784765127,5.133GiB / 15.39GiB
1784765129,5.137GiB / 15.39GiB
1784765131,5.145GiB / 15.39GiB
1784765133,5.143GiB / 15.39GiB
1784765135,5.143GiB / 15.39GiB
1784765137,5.144GiB / 15.39GiB
1784765139,5.145GiB / 15.39GiB
1784765141,5.16GiB / 15.39GiB
1784765143,5.149GiB / 15.39GiB
1784765145,5.157GiB / 15.39GiB
1784765147,5.158GiB / 15.39GiB
1784765149,5.157GiB / 15.39GiB
1784765151,5.157GiB / 15.39GiB
1784765153,5.158GiB / 15.39GiB
1784765155,5.159GiB / 15.39GiB
1784765157,5.164GiB / 15.39GiB
1784765159,5.172GiB / 15.39GiB
1784765161,5.171GiB / 15.39GiB
1784765163,5.172GiB / 15.39GiB
1784765165,5.172GiB / 15.39GiB
1784765167,5.173GiB / 15.39GiB
1784765169,5.173GiB / 15.39GiB
1784765171,5.179GiB / 15.39GiB
1784765173,5.188GiB / 15.39GiB
1784765175,5.188GiB / 15.39GiB
1784765178,5.188GiB / 15.39GiB
1784765180,5.189GiB / 15.39GiB
1784765182,5.189GiB / 15.39GiB
1784765184,5.192GiB / 15.39GiB
1784765186,5.192GiB / 15.39GiB
1784765188,5.202GiB / 15.39GiB
1784765190,5.201GiB / 15.39GiB
1784765192,5.2GiB / 15.39GiB
1784765194,5.201GiB / 15.39GiB
1784765196,5.202GiB / 15.39GiB
1784765198,5.203GiB / 15.39GiB
1784765200,5.203GiB / 15.39GiB
1784765202,5.217GiB / 15.39GiB
1784765204,5.216GiB / 15.39GiB
1784765206,5.216GiB / 15.39GiB
1784765208,5.217GiB / 15.39GiB
1784765210,5.217GiB / 15.39GiB
1784765212,5.218GiB / 15.39GiB
1784765214,5.218GiB / 15.39GiB
1784765216,5.23GiB / 15.39GiB
1784765218,5.229GiB / 15.39GiB
1784765220,5.229GiB / 15.39GiB
1784765222,5.229GiB / 15.39GiB
1784765224,5.23GiB / 15.39GiB
1784765226,5.23GiB / 15.39GiB
1784765228,5.23GiB / 15.39GiB
1784765230,5.247GiB / 15.39GiB
1784765232,5.247GiB / 15.39GiB
1784765234,5.247GiB / 15.39GiB
1784765236,5.246GiB / 15.39GiB
1784765238,5.248GiB / 15.39GiB
1784765240,5.249GiB / 15.39GiB
1784765242,5.249GiB / 15.39GiB
1784765244,5.256GiB / 15.39GiB
1784765246,5.26GiB / 15.39GiB
1784765248,5.26GiB / 15.39GiB
1784765250,5.259GiB / 15.39GiB
1784765252,5.26GiB / 15.39GiB
1784765254,5.261GiB / 15.39GiB
1784765256,5.262GiB / 15.39GiB
1784765258,5.27GiB / 15.39GiB
1784765260,5.275GiB / 15.39GiB
1784765262,5.275GiB / 15.39GiB
1784765264,5.275GiB / 15.39GiB
1784765266,5.276GiB / 15.39GiB
1784765268,5.277GiB / 15.39GiB
1784765270,5.276GiB / 15.39GiB
1784765272,5.283GiB / 15.39GiB
1784765274,5.304GiB / 15.39GiB
1784765276,5.288GiB / 15.39GiB
1784765278,5.288GiB / 15.39GiB
1784765280,5.29GiB / 15.39GiB
1784765282,5.29GiB / 15.39GiB
1784765284,5.952GiB / 15.39GiB
1784765286,5.954GiB / 15.39GiB
1784765288,5.954GiB / 15.39GiB
1784765290,5.987GiB / 15.39GiB
1784765292,5.986GiB / 15.39GiB
1784765294,5.988GiB / 15.39GiB
1784765296,5.988GiB / 15.39GiB
1784765298,5.987GiB / 15.39GiB
1784765300,5.988GiB / 15.39GiB
1784765302,5.988GiB / 15.39GiB
1784765305,5.988GiB / 15.39GiB
1784765307,5.987GiB / 15.39GiB
1784765309,5.987GiB / 15.39GiB
1784765311,5.986GiB / 15.39GiB
1784765313,5.986GiB / 15.39GiB
1784765315,5.986GiB / 15.39GiB
1784765317,5.987GiB / 15.39GiB
1784765319,5.987GiB / 15.39GiB
1784765321,5.987GiB / 15.39GiB
1784765323,5.987GiB / 15.39GiB
1784765325,5.987GiB / 15.39GiB
1784765327,5.987GiB / 15.39GiB
1784765329,5.987GiB / 15.39GiB
1784765331,5.988GiB / 15.39GiB
1784765333,5.987GiB / 15.39GiB
1784765335,5.987GiB / 15.39GiB
1784765337,5.987GiB / 15.39GiB
1784765339,5.987GiB / 15.39GiB
1784765341,6.002GiB / 15.39GiB
1784765343,5.988GiB / 15.39GiB
1784765345,5.987GiB / 15.39GiB
1784765347,5.988GiB / 15.39GiB
1784765349,5.988GiB / 15.39GiB
1784765351,5.987GiB / 15.39GiB
1784765353,5.987GiB / 15.39GiB
1784765355,5.987GiB / 15.39GiB
1784765357,5.987GiB / 15.39GiB
1784765359,5.987GiB / 15.39GiB
1784765361,5.987GiB / 15.39GiB
1784765363,5.987GiB / 15.39GiB
1784765365,5.986GiB / 15.39GiB
1784765367,5.987GiB / 15.39GiB
1784765369,5.987GiB / 15.39GiB
1784765371,5.987GiB / 15.39GiB
1784765373,5.987GiB / 15.39GiB
1784765375,5.987GiB / 15.39GiB
1784765377,5.988GiB / 15.39GiB
1784765379,5.987GiB / 15.39GiB
1784765381,5.987GiB / 15.39GiB
1784765383,5.987GiB / 15.39GiB
1784765385,5.986GiB / 15.39GiB
1784765387,5.987GiB / 15.39GiB
1784765389,5.987GiB / 15.39GiB
1784765391,5.986GiB / 15.39GiB
1784765393,5.987GiB / 15.39GiB
1784765395,5.986GiB / 15.39GiB
1784765397,5.987GiB / 15.39GiB
1784765399,5.987GiB / 15.39GiB
1784765401,5.987GiB / 15.39GiB
1784765403,5.987GiB / 15.39GiB
1784765405,5.987GiB / 15.39GiB
1784765407,5.999GiB / 15.39GiB
1784765409,5.987GiB / 15.39GiB
1784765411,5.986GiB / 15.39GiB
1784765413,5.987GiB / 15.39GiB
1784765415,5.987GiB / 15.39GiB
1784765417,5.987GiB / 15.39GiB
1784765419,5.987GiB / 15.39GiB
1784765421,5.986GiB / 15.39GiB
1784765423,5.987GiB / 15.39GiB
1784765425,5.99GiB / 15.39GiB
1784765427,5.99GiB / 15.39GiB
1784765429,5.991GiB / 15.39GiB
1784765431,5.99GiB / 15.39GiB
1784765434,5.991GiB / 15.39GiB
1784765436,5.991GiB / 15.39GiB
1784765438,5.991GiB / 15.39GiB
1784765440,5.99GiB / 15.39GiB
1784765442,5.99GiB / 15.39GiB
1784765444,5.991GiB / 15.39GiB
1784765446,5.991GiB / 15.39GiB
1784765448,5.99GiB / 15.39GiB
1784765450,5.991GiB / 15.39GiB
1784765452,5.991GiB / 15.39GiB
1784765454,5.991GiB / 15.39GiB
1784765456,5.991GiB / 15.39GiB
1784765458,5.988GiB / 15.39GiB
1784765460,5.989GiB / 15.39GiB
1784765462,5.989GiB / 15.39GiB
1784765464,5.989GiB / 15.39GiB
1784765466,5.989GiB / 15.39GiB
1784765468,5.989GiB / 15.39GiB
1784765470,5.989GiB / 15.39GiB
1784765472,5.988GiB / 15.39GiB
1784765474,5.996GiB / 15.39GiB
1784765476,5.989GiB / 15.39GiB
1784765478,5.988GiB / 15.39GiB
1784765480,5.885GiB / 15.39GiB
1784765482,5.885GiB / 15.39GiB
1784765484,5.886GiB / 15.39GiB
1784765486,5.886GiB / 15.39GiB
1784765488,5.886GiB / 15.39GiB
1784765490,5.886GiB / 15.39GiB
1784765492,5.886GiB / 15.39GiB
1784765494,5.886GiB / 15.39GiB
1784765496,5.886GiB / 15.39GiB
1784765498,5.862GiB / 15.39GiB
1784765500,5.862GiB / 15.39GiB
1784765502,5.826GiB / 15.39GiB
1784765504,5.829GiB / 15.39GiB
1784765506,5.772GiB / 15.39GiB
1784765508,5.772GiB / 15.39GiB
1784765510,5.772GiB / 15.39GiB
1784765512,5.773GiB / 15.39GiB
1784765514,5.751GiB / 15.39GiB
1784765516,5.709GiB / 15.39GiB
1784765518,5.71GiB / 15.39GiB
1784765520,5.71GiB / 15.39GiB
1784765522,5.71GiB / 15.39GiB
1784765524,5.71GiB / 15.39GiB
1784765526,5.711GiB / 15.39GiB
1784765528,5.712GiB / 15.39GiB
1784765530,5.711GiB / 15.39GiB
1784765532,5.71GiB / 15.39GiB
1784765534,5.71GiB / 15.39GiB
1784765536,5.678GiB / 15.39GiB
1784765538,5.679GiB / 15.39GiB
1784765540,5.685GiB / 15.39GiB
1784765542,5.68GiB / 15.39GiB
1784765544,5.68GiB / 15.39GiB
1784765546,5.68GiB / 15.39GiB
1784765548,5.68GiB / 15.39GiB
1784765550,5.679GiB / 15.39GiB
1784765552,5.679GiB / 15.39GiB
1784765554,5.68GiB / 15.39GiB
1784765557,5.68GiB / 15.39GiB
1784765559,5.68GiB / 15.39GiB
1784765561,5.679GiB / 15.39GiB
1784765563,5.68GiB / 15.39GiB
1784765565,5.679GiB / 15.39GiB
1784765567,5.68GiB / 15.39GiB
1784765569,5.68GiB / 15.39GiB
1784765571,5.68GiB / 15.39GiB
1784765573,5.679GiB / 15.39GiB
1784765575,5.679GiB / 15.39GiB
1784765577,5.68GiB / 15.39GiB
1784765579,5.68GiB / 15.39GiB
1784765581,5.68GiB / 15.39GiB
1784765583,5.68GiB / 15.39GiB
1784765585,5.68GiB / 15.39GiB
1784765587,5.68GiB / 15.39GiB
1784765589,5.68GiB / 15.39GiB
1784765591,5.679GiB / 15.39GiB
1784765593,5.68GiB / 15.39GiB
1784765595,5.679GiB / 15.39GiB
1784765597,5.694GiB / 15.39GiB
1784765599,5.679GiB / 15.39GiB
1784765601,5.68GiB / 15.39GiB
1784765603,5.68GiB / 15.39GiB
1784765605,5.679GiB / 15.39GiB
1784765607,5.679GiB / 15.39GiB
1784765609,5.68GiB / 15.39GiB
1784765611,5.68GiB / 15.39GiB
1784765613,5.68GiB / 15.39GiB
1784765615,5.679GiB / 15.39GiB
1784765617,5.679GiB / 15.39GiB
1784765619,5.68GiB / 15.39GiB
1784765621,5.68GiB / 15.39GiB
1784765623,5.681GiB / 15.39GiB
1784765625,5.68GiB / 15.39GiB
1784765627,5.68GiB / 15.39GiB
1784765629,5.68GiB / 15.39GiB
1784765631,5.679GiB / 15.39GiB
1784765633,5.68GiB / 15.39GiB
1784765635,5.68GiB / 15.39GiB
1784765637,5.68GiB / 15.39GiB
1784765639,5.68GiB / 15.39GiB
1784765641,5.68GiB / 15.39GiB
1784765643,5.68GiB / 15.39GiB
1784765645,5.68GiB / 15.39GiB
1784765647,5.68GiB / 15.39GiB
1784765649,5.679GiB / 15.39GiB
1784765651,5.679GiB / 15.39GiB
1784765653,5.681GiB / 15.39GiB
1784765655,5.68GiB / 15.39GiB
1784765657,5.679GiB / 15.39GiB
1784765659,5.68GiB / 15.39GiB
1784765661,5.68GiB / 15.39GiB
1784765663,5.693GiB / 15.39GiB
1784765665,5.68GiB / 15.39GiB
1784765667,5.679GiB / 15.39GiB
1784765669,5.679GiB / 15.39GiB
1784765671,5.678GiB / 15.39GiB
1784765673,5.679GiB / 15.39GiB
1784765676,5.679GiB / 15.39GiB
1784765678,5.679GiB / 15.39GiB
1784765680,5.679GiB / 15.39GiB
1784765682,5.679GiB / 15.39GiB
1784765684,5.679GiB / 15.39GiB
1784765686,5.679GiB / 15.39GiB
1784765688,5.679GiB / 15.39GiB
1784765690,5.679GiB / 15.39GiB
1784765692,5.679GiB / 15.39GiB
1784765694,5.679GiB / 15.39GiB
1784765696,5.679GiB / 15.39GiB
1784765698,5.679GiB / 15.39GiB
1784765700,5.68GiB / 15.39GiB
1784765702,5.679GiB / 15.39GiB
1784765704,5.679GiB / 15.39GiB
1784765706,5.679GiB / 15.39GiB
1784765708,5.678GiB / 15.39GiB
1784765710,5.679GiB / 15.39GiB
1784765712,5.678GiB / 15.39GiB
1784765714,5.679GiB / 15.39GiB
1784765716,5.679GiB / 15.39GiB
1784765718,5.678GiB / 15.39GiB
1784765720,5.68GiB / 15.39GiB
1784765722,5.679GiB / 15.39GiB
1784765724,5.68GiB / 15.39GiB
1784765726,5.68GiB / 15.39GiB
1784765728,5.679GiB / 15.39GiB
1784765730,5.692GiB / 15.39GiB
1784765732,5.679GiB / 15.39GiB
1784765734,5.679GiB / 15.39GiB
1784765736,5.679GiB / 15.39GiB
1784765738,5.679GiB / 15.39GiB
1784765740,5.678GiB / 15.39GiB
1784765742,5.679GiB / 15.39GiB
1784765744,5.679GiB / 15.39GiB
1784765746,5.662GiB / 15.39GiB
1784765748,5.65GiB / 15.39GiB
1784765750,5.651GiB / 15.39GiB
1784765752,5.651GiB / 15.39GiB
1784765754,5.646GiB / 15.39GiB
1784765756,5.61GiB / 15.39GiB
1784765758,5.611GiB / 15.39GiB
1784765760,5.612GiB / 15.39GiB
1784765762,5.612GiB / 15.39GiB
1784765764,5.612GiB / 15.39GiB
1784765766,5.612GiB / 15.39GiB
1784765768,5.612GiB / 15.39GiB
1784765770,5.612GiB / 15.39GiB
1784765772,5.612GiB / 15.39GiB
1784765774,5.612GiB / 15.39GiB
1784765776,5.608GiB / 15.39GiB
1784765778,5.607GiB / 15.39GiB
1784765780,5.583GiB / 15.39GiB
1784765782,5.583GiB / 15.39GiB
1784765784,5.584GiB / 15.39GiB
1784765786,5.584GiB / 15.39GiB
1784765788,5.585GiB / 15.39GiB
1784765790,5.585GiB / 15.39GiB
1784765792,5.557GiB / 15.39GiB
1784765794,5.557GiB / 15.39GiB
1784765796,5.565GiB / 15.39GiB
1784765798,5.558GiB / 15.39GiB
1784765800,5.558GiB / 15.39GiB
1784765803,5.559GiB / 15.39GiB
1784765805,5.558GiB / 15.39GiB
1784765807,5.557GiB / 15.39GiB
1784765809,5.558GiB / 15.39GiB
1784765811,5.558GiB / 15.39GiB
1784765813,5.558GiB / 15.39GiB
1784765815,5.558GiB / 15.39GiB
1784765817,5.558GiB / 15.39GiB
1784765819,5.558GiB / 15.39GiB
1784765821,5.558GiB / 15.39GiB
1784765823,5.558GiB / 15.39GiB
1784765825,5.558GiB / 15.39GiB
1784765827,5.557GiB / 15.39GiB
1784765829,5.558GiB / 15.39GiB
1784765831,5.558GiB / 15.39GiB
1784765833,5.558GiB / 15.39GiB
1784765835,5.558GiB / 15.39GiB
1784765837,5.558GiB / 15.39GiB
1784765839,5.559GiB / 15.39GiB
1784765841,5.558GiB / 15.39GiB
1784765843,5.559GiB / 15.39GiB
1784765845,5.558GiB / 15.39GiB
1784765847,5.557GiB / 15.39GiB
1784765849,5.558GiB / 15.39GiB
1784765851,5.558GiB / 15.39GiB
1784765853,5.548GiB / 15.39GiB
1784765855,5.548GiB / 15.39GiB
1784765857,5.5GiB / 15.39GiB
1784765859,5.501GiB / 15.39GiB
1784765861,5.502GiB / 15.39GiB
1784765863,5.504GiB / 15.39GiB
1784765865,5.492GiB / 15.39GiB
1784765867,5.492GiB / 15.39GiB
1784765869,5.492GiB / 15.39GiB
1784765871,5.491GiB / 15.39GiB
1784765873,5.491GiB / 15.39GiB
1784765875,5.492GiB / 15.39GiB
1784765877,5.492GiB / 15.39GiB
1784765879,5.492GiB / 15.39GiB
1784765881,5.492GiB / 15.39GiB
1784765883,5.491GiB / 15.39GiB
1784765885,5.492GiB / 15.39GiB
1784765887,5.491GiB / 15.39GiB
1784765889,5.492GiB / 15.39GiB
1784765891,5.492GiB / 15.39GiB
1784765893,5.491GiB / 15.39GiB
1784765895,5.492GiB / 15.39GiB
1784765897,5.491GiB / 15.39GiB
1784765899,5.492GiB / 15.39GiB
1784765901,5.492GiB / 15.39GiB
1784765903,5.492GiB / 15.39GiB
1784765905,5.492GiB / 15.39GiB
1784765907,5.491GiB / 15.39GiB
1784765909,5.492GiB / 15.39GiB
1784765911,5.492GiB / 15.39GiB
1784765913,5.492GiB / 15.39GiB
1784765915,5.492GiB / 15.39GiB
1784765917,5.492GiB / 15.39GiB
1784765919,5.492GiB / 15.39GiB
1784765921,5.492GiB / 15.39GiB
1784765923,5.491GiB / 15.39GiB
1784765926,5.491GiB / 15.39GiB
1784765928,5.49GiB / 15.39GiB
1784765930,5.491GiB / 15.39GiB
1784765932,5.491GiB / 15.39GiB
1784765934,5.491GiB / 15.39GiB
1784765936,5.491GiB / 15.39GiB
1784765938,5.491GiB / 15.39GiB
1784765940,5.491GiB / 15.39GiB
1784765942,5.492GiB / 15.39GiB
1784765944,5.492GiB / 15.39GiB
1784765946,5.492GiB / 15.39GiB
1784765948,5.492GiB / 15.39GiB
1784765950,5.491GiB / 15.39GiB
1784765952,5.492GiB / 15.39GiB
1784765954,5.492GiB / 15.39GiB
1784765956,5.492GiB / 15.39GiB
1784765958,5.492GiB / 15.39GiB
1784765960,5.492GiB / 15.39GiB
1784765962,5.492GiB / 15.39GiB
1784765964,5.492GiB / 15.39GiB
1784765966,5.493GiB / 15.39GiB
1784765968,5.491GiB / 15.39GiB
1784765970,5.491GiB / 15.39GiB
1784765972,5.492GiB / 15.39GiB
1784765974,5.491GiB / 15.39GiB
1784765976,5.492GiB / 15.39GiB
1784765978,5.491GiB / 15.39GiB
1784765980,5.491GiB / 15.39GiB
1784765982,5.491GiB / 15.39GiB
1784765984,5.492GiB / 15.39GiB
1784765986,5.492GiB / 15.39GiB
1784765988,5.492GiB / 15.39GiB
1784765990,5.492GiB / 15.39GiB
1784765992,5.492GiB / 15.39GiB
1784765994,5.492GiB / 15.39GiB
1784765996,5.492GiB / 15.39GiB
1784765998,5.491GiB / 15.39GiB
1784766000,5.491GiB / 15.39GiB
1784766002,5.492GiB / 15.39GiB
1784766004,5.491GiB / 15.39GiB
1784766006,5.491GiB / 15.39GiB
1784766008,5.491GiB / 15.39GiB
1784766010,5.491GiB / 15.39GiB
1784766012,5.492GiB / 15.39GiB
1784766014,5.492GiB / 15.39GiB
1784766016,5.491GiB / 15.39GiB
1784766018,5.491GiB / 15.39GiB
1784766020,5.491GiB / 15.39GiB
1784766022,5.492GiB / 15.39GiB
1784766024,5.492GiB / 15.39GiB
1784766026,5.492GiB / 15.39GiB
1784766028,5.492GiB / 15.39GiB
1784766030,5.491GiB / 15.39GiB
1784766032,5.492GiB / 15.39GiB
1784766034,5.492GiB / 15.39GiB
1784766036,5.492GiB / 15.39GiB
1784766038,5.492GiB / 15.39GiB
1784766040,5.491GiB / 15.39GiB
1784766042,5.492GiB / 15.39GiB
1784766044,5.492GiB / 15.39GiB
1784766046,5.492GiB / 15.39GiB
1784766048,5.492GiB / 15.39GiB
1784766050,5.492GiB / 15.39GiB
1784766052,5.492GiB / 15.39GiB
1784766054,5.492GiB / 15.39GiB
1784766056,5.491GiB / 15.39GiB
1784766059,5.492GiB / 15.39GiB
1784766061,5.491GiB / 15.39GiB
1784766063,5.492GiB / 15.39GiB
1784766065,5.491GiB / 15.39GiB
1784766067,5.491GiB / 15.39GiB
1784766069,5.492GiB / 15.39GiB
1784766071,5.491GiB / 15.39GiB
1784766073,5.504GiB / 15.39GiB
1784766075,5.492GiB / 15.39GiB
1784766077,5.491GiB / 15.39GiB
1784766079,5.492GiB / 15.39GiB
1784766081,5.492GiB / 15.39GiB
1784766083,5.492GiB / 15.39GiB
1784766085,5.492GiB / 15.39GiB
1784766087,5.491GiB / 15.39GiB
1784766089,5.492GiB / 15.39GiB
1784766091,5.492GiB / 15.39GiB
1784766093,5.492GiB / 15.39GiB
1784766095,5.492GiB / 15.39GiB
1784766097,5.491GiB / 15.39GiB
1784766099,5.491GiB / 15.39GiB
1784766101,5.491GiB / 15.39GiB
1784766103,5.491GiB / 15.39GiB
1784766105,5.492GiB / 15.39GiB
1784766107,5.492GiB / 15.39GiB
1784766109,5.492GiB / 15.39GiB
1784766111,5.492GiB / 15.39GiB
1784766113,5.492GiB / 15.39GiB
1784766115,5.492GiB / 15.39GiB
1784766117,5.492GiB / 15.39GiB
1784766119,5.492GiB / 15.39GiB
1784766121,5.492GiB / 15.39GiB
1784766123,5.492GiB / 15.39GiB
1784766125,5.492GiB / 15.39GiB
1784766127,5.492GiB / 15.39GiB
1784766129,5.492GiB / 15.39GiB
1784766131,5.492GiB / 15.39GiB
1784766133,5.492GiB / 15.39GiB
1784766135,5.491GiB / 15.39GiB
1784766137,5.491GiB / 15.39GiB
1784766139,5.492GiB / 15.39GiB
1784766141,5.492GiB / 15.39GiB
1784766143,5.492GiB / 15.39GiB
1784766145,5.492GiB / 15.39GiB
1784766147,5.491GiB / 15.39GiB
1784766149,5.496GiB / 15.39GiB
1784766151,5.49GiB / 15.39GiB
1784766153,5.491GiB / 15.39GiB
1784766155,5.491GiB / 15.39GiB
1784766157,5.491GiB / 15.39GiB
1784766159,5.49GiB / 15.39GiB
1784766161,5.491GiB / 15.39GiB
1784766163,5.491GiB / 15.39GiB
1784766165,5.491GiB / 15.39GiB
1784766167,5.491GiB / 15.39GiB
1784766169,5.491GiB / 15.39GiB
1784766171,5.49GiB / 15.39GiB
1784766173,5.491GiB / 15.39GiB
1784766175,5.491GiB / 15.39GiB
1784766177,5.49GiB / 15.39GiB
1784766179,5.49GiB / 15.39GiB
1784766181,5.491GiB / 15.39GiB
1784766183,5.491GiB / 15.39GiB
1784766185,5.491GiB / 15.39GiB
1784766187,5.491GiB / 15.39GiB
1784766189,5.491GiB / 15.39GiB
1784766192,5.49GiB / 15.39GiB
1784766194,5.491GiB / 15.39GiB
1784766196,5.491GiB / 15.39GiB
1784766198,5.491GiB / 15.39GiB
1784766200,5.491GiB / 15.39GiB
1784766202,5.491GiB / 15.39GiB
1784766204,5.491GiB / 15.39GiB
1784766206,5.491GiB / 15.39GiB
1784766208,5.49GiB / 15.39GiB
1784766210,5.49GiB / 15.39GiB
1784766212,5.491GiB / 15.39GiB
1784766214,5.491GiB / 15.39GiB
1784766216,5.49GiB / 15.39GiB
1784766218,5.491GiB / 15.39GiB
1784766220,5.49GiB / 15.39GiB
1784766222,5.491GiB / 15.39GiB
1784766224,5.491GiB / 15.39GiB
1784766226,5.491GiB / 15.39GiB
1784766228,5.49GiB / 15.39GiB
1784766230,5.491GiB / 15.39GiB
1784766232,5.491GiB / 15.39GiB
1784766234,5.49GiB / 15.39GiB
1784766236,5.49GiB / 15.39GiB
1784766238,5.491GiB / 15.39GiB
1784766240,5.49GiB / 15.39GiB
1784766242,5.491GiB / 15.39GiB
1784766244,5.491GiB / 15.39GiB
1784766246,5.49GiB / 15.39GiB
1784766248,5.491GiB / 15.39GiB
1784766250,5.49GiB / 15.39GiB
1784766252,5.491GiB / 15.39GiB
1784766254,5.491GiB / 15.39GiB
1784766256,5.491GiB / 15.39GiB
1784766258,5.49GiB / 15.39GiB
1784766260,5.491GiB / 15.39GiB
1784766262,5.491GiB / 15.39GiB
1784766264,5.49GiB / 15.39GiB
1784766266,5.49GiB / 15.39GiB
1784766268,5.491GiB / 15.39GiB
1784766270,5.491GiB / 15.39GiB
1784766272,5.492GiB / 15.39GiB
1784766274,5.491GiB / 15.39GiB
1784766276,5.491GiB / 15.39GiB
1784766278,5.492GiB / 15.39GiB
1784766280,5.492GiB / 15.39GiB
1784766282,5.501GiB / 15.39GiB
1784766284,5.491GiB / 15.39GiB
1784766286,5.492GiB / 15.39GiB
1784766288,5.492GiB / 15.39GiB
1784766290,5.491GiB / 15.39GiB
1784766292,5.492GiB / 15.39GiB
1784766294,5.492GiB / 15.39GiB
1784766296,5.492GiB / 15.39GiB
1784766298,5.493GiB / 15.39GiB
1784766300,5.492GiB / 15.39GiB
1784766302,5.492GiB / 15.39GiB
1784766304,5.492GiB / 15.39GiB
1784766306,5.492GiB / 15.39GiB
1784766308,5.492GiB / 15.39GiB
1784766310,5.491GiB / 15.39GiB
1784766312,5.491GiB / 15.39GiB
1784766314,5.492GiB / 15.39GiB
1784766316,5.491GiB / 15.39GiB
1784766318,5.492GiB / 15.39GiB
1784766320,5.492GiB / 15.39GiB
1784766322,5.492GiB / 15.39GiB
1784766325,5.492GiB / 15.39GiB
1784766327,5.492GiB / 15.39GiB
1784766329,5.492GiB / 15.39GiB
1784766331,5.492GiB / 15.39GiB
1784766333,5.492GiB / 15.39GiB
1784766335,5.492GiB / 15.39GiB
1784766337,5.491GiB / 15.39GiB
1784766339,5.492GiB / 15.39GiB
1784766341,5.491GiB / 15.39GiB
1784766343,5.491GiB / 15.39GiB
1784766345,5.492GiB / 15.39GiB
1784766347,5.491GiB / 15.39GiB
1784766349,5.492GiB / 15.39GiB
1784766351,5.491GiB / 15.39GiB
1784766353,5.491GiB / 15.39GiB
1784766355,5.492GiB / 15.39GiB
1784766357,5.492GiB / 15.39GiB
1784766359,5.492GiB / 15.39GiB
1784766361,5.492GiB / 15.39GiB
1784766363,5.491GiB / 15.39GiB
1784766365,5.492GiB / 15.39GiB
1784766367,5.492GiB / 15.39GiB
1784766369,5.503GiB / 15.39GiB
