epoch,step,test_acc,test_f1,test_loss,train_acc,train_loss,valid_acc,valid_loss
0,49,,,,0.0,2.1653757095336914,,
0,99,,,,0.0,2.165422201156616,,
0,149,,,,0.5,1.6654222011566162,,
0,177,,,,,,0.2750000059604645,1.890421748161316
1,199,,,,0.0,2.165422201156616,,
1,249,,,,0.25,1.9154222011566162,,
1,299,,,,0.0,2.165422201156616,,
1,349,,,,0.25,1.9154222011566162,,
1,355,,,,,,0.23333333432674408,1.9320712089538574
2,399,,,,0.0,2.165422201156616,,
2,449,,,,0.25,1.9154222011566162,,
2,499,,,,0.0,2.165422201156616,,
2,533,,,,,,0.3062500059604645,1.859171748161316
3,549,,,,0.0,2.165422201156616,,
3,599,,,,0.75,1.4154222011566162,,
3,649,,,,0.0,2.165422201156616,,
3,699,,,,0.0,2.165422201156616,,
3,711,,,,,,0.33000001311302185,1.835929036140442
4,749,,,,0.75,1.4154222011566162,,
4,799,,,,0.75,1.4154222011566162,,
4,849,,,,0.25,1.9154222011566162,,
4,889,,,,,,0.33000001311302185,1.8354215621948242
5,899,,,,0.25,1.9154222011566162,,
5,949,,,,0.5,1.6654222011566162,,
5,999,,,,0.25,1.9154222011566162,,
5,1049,,,,0.25,1.9154222011566162,,
5,1067,,,,,,0.33000001311302185,1.8355770111083984
6,1099,,,,0.75,1.4154222011566162,,
6,1149,,,,0.25,1.9154222011566162,,
6,1199,,,,0.5,1.665421962738037,,
6,1245,,,,,,0.3270833194255829,1.8383383750915527
7,1249,,,,0.0,2.165422201156616,,
7,1299,,,,0.25,1.9154222011566162,,
7,1349,,,,0.25,1.9154222011566162,,
7,1399,,,,0.0,2.165422201156616,,
7,1423,,,,,,0.39250001311302185,1.7729215621948242
8,1449,,,,0.5,1.6654222011566162,,
8,1499,,,,0.5,1.6654222011566162,,
8,1549,,,,0.0,2.165422201156616,,
8,1599,,,,0.0,2.165422201156616,,
8,1601,,,,,,0.40291666984558105,1.7625049352645874
9,1649,,,,0.25,1.9154222011566162,,
9,1699,,,,0.25,1.9154222011566162,,
9,1749,,,,0.5,1.6654222011566162,,
9,1779,,,,,,0.40291666984558105,1.7625049352645874
10,1799,,,,0.0,2.165422201156616,,
10,1849,,,,0.25,1.9154222011566162,,
10,1899,,,,0.5,1.6654222011566162,,
10,1949,,,,0.0,2.165422201156616,,
10,1957,,,,,,0.40291666984558105,1.7620073556900024
11,1999,,,,0.5,1.6654222011566162,,
11,2049,,,,0.5,1.6654222011566162,,
11,2099,,,,1.0,1.1654222011566162,,
11,2135,,,,,,0.41624999046325684,1.7491716146469116
12,2149,,,,0.0,2.165422201156616,,
12,2199,,,,0.25,1.9154222011566162,,
12,2249,,,,0.5,1.6654222011566162,,
12,2299,,,,0.75,1.4154222011566162,,
12,2313,,,,,,0.41624999046325684,1.7491716146469116
13,2349,,,,0.5,1.6654222011566162,,
13,2399,,,,0.5,1.6654222011566162,,
13,2449,,,,0.5,1.6654222011566162,,
13,2491,,,,,,0.41624999046325684,1.7491716146469116
14,2499,,,,0.0,2.165422201156616,,
14,2549,,,,0.25,1.9154222011566162,,
14,2599,,,,0.0,2.165422201156616,,
14,2649,,,,1.0,1.1654222011566162,,
14,2669,,,,,,0.41624999046325684,1.7491716146469116
15,2699,,,,0.5,1.6654222011566162,,
15,2749,,,,0.0,2.165422201156616,,
15,2799,,,,0.25,1.9154222011566162,,
15,2847,,,,,,0.41624999046325684,1.7491716146469116
16,2849,,,,0.5,1.6654222011566162,,
16,2899,,,,0.25,1.9154222011566162,,
16,2949,,,,0.0,2.165422201156616,,
16,2999,,,,0.0,2.165422201156616,,
16,3025,,,,,,0.41624999046325684,1.7491716146469116
17,3049,,,,0.75,1.4154222011566162,,
17,3099,,,,0.5,1.6654222011566162,,
17,3149,,,,0.5,1.6654222011566162,,
17,3199,,,,0.25,1.9154222011566162,,
17,3203,,,,,,0.41624999046325684,1.7491716146469116
18,3249,,,,0.0,2.165422201156616,,
18,3299,,,,0.25,1.9154222011566162,,
18,3349,,,,0.5,1.6654222011566162,,
18,3381,,,,,,0.41624999046325684,1.7491716146469116
19,3399,,,,0.5,1.6654222011566162,,
19,3449,,,,0.25,1.9154222011566162,,
19,3499,,,,0.5,1.6654222011566162,,
19,3549,,,,0.25,1.9154222011566162,,
19,3559,,,,,,0.41624999046325684,1.7491716146469116
20,3599,,,,0.5,1.6654222011566162,,
20,3649,,,,0.5,1.6654222011566162,,
20,3699,,,,0.5,1.6654222011566162,,
20,3737,,,,,,0.41624999046325684,1.7491716146469116
21,3749,,,,0.5,1.6654222011566162,,
21,3799,,,,0.5,1.6654222011566162,,
21,3849,,,,0.0,2.165422201156616,,
21,3899,,,,0.5,1.6654222011566162,,
21,3915,,,,,,0.41624999046325684,1.7491716146469116
22,3949,,,,0.25,1.9154222011566162,,
22,3999,,,,0.75,1.4154222011566162,,
22,4049,,,,0.25,1.9154222011566162,,
22,4093,,,,,,0.41624999046325684,1.7491716146469116
23,4099,,,,0.0,2.165422201156616,,
23,4149,,,,0.5,1.6654222011566162,,
23,4199,,,,0.75,1.4154222011566162,,
23,4249,,,,0.25,1.9154222011566162,,
23,4271,,,,,,0.41624999046325684,1.7491716146469116
24,4299,,,,0.25,1.9154222011566162,,
24,4349,,,,0.25,1.9154222011566162,,
24,4399,,,,0.25,1.9154222011566162,,
24,4449,,,,0.0,2.165422201156616,,
24,4449,,,,,,0.41624999046325684,1.7491716146469116
25,4499,,,,0.0,2.165422201156616,,
25,4549,,,,0.25,1.9154222011566162,,
25,4599,,,,0.0,2.165422201156616,,
25,4627,,,,,,0.41624999046325684,1.7491716146469116
26,4649,,,,0.5,1.6654222011566162,,
26,4699,,,,0.25,1.9154222011566162,,
26,4749,,,,0.25,1.9154222011566162,,
26,4799,,,,0.0,2.165422201156616,,
26,4805,,,,,,0.41624999046325684,1.7491716146469116
27,4849,,,,0.0,2.165422201156616,,
27,4899,,,,0.25,1.9154222011566162,,
27,4949,,,,0.25,1.9154222011566162,,
27,4983,,,,,,0.41624999046325684,1.7491716146469116
28,4999,,,,0.25,1.9154222011566162,,
28,5049,,,,0.0,2.165422201156616,,
28,5099,,,,0.25,1.9154222011566162,,
28,5149,,,,0.5,1.6654222011566162,,
28,5161,,,,,,0.41624999046325684,1.7491716146469116
29,5199,,,,0.5,1.6654222011566162,,
29,5249,,,,0.0,2.165422201156616,,
29,5299,,,,0.5,1.6654222011566162,,
29,5339,,,,,,0.41624999046325684,1.7491716146469116
30,5349,,,,0.5,1.6654222011566162,,
30,5399,,,,0.5,1.6654222011566162,,
30,5449,,,,0.75,1.4154222011566162,,
30,5499,,,,0.5,1.6654222011566162,,
30,5517,,,,,,0.41624999046325684,1.7491716146469116
31,5549,,,,0.5,1.6654222011566162,,
31,5599,,,,0.25,1.9154222011566162,,
31,5649,,,,0.5,1.6654222011566162,,
31,5695,,,,,,0.41624999046325684,1.7491716146469116
32,5699,,,,0.0,2.165422201156616,,
32,5749,,,,0.25,1.9154222011566162,,
32,5799,,,,0.25,1.9154222011566162,,
32,5849,,,,0.5,1.6654222011566162,,
32,5873,,,,,,0.41624999046325684,1.7491716146469116
33,5899,,,,0.75,1.4154222011566162,,
33,5949,,,,0.25,1.9154222011566162,,
33,5999,,,,0.5,1.6654222011566162,,
33,6049,,,,0.5,1.6654222011566162,,
33,6051,,,,,,0.41624999046325684,1.7491716146469116
34,6099,,,,0.25,1.9154222011566162,,
34,6149,,,,0.25,1.9154222011566162,,
34,6199,,,,0.5,1.6654222011566162,,
34,6229,,,,,,0.41624999046325684,1.7491716146469116
35,6249,,,,0.75,1.4154222011566162,,
35,6299,,,,0.5,1.6654222011566162,,
35,6349,,,,0.25,1.9154222011566162,,
35,6399,,,,0.0,2.165422201156616,,
35,6407,,,,,,0.41624999046325684,1.7491716146469116
36,6449,,,,0.0,2.165422201156616,,
36,6499,,,,0.5,1.6654222011566162,,
36,6549,,,,0.25,1.9154222011566162,,
36,6585,,,,,,0.41624999046325684,1.7491716146469116
37,6599,,,,0.75,1.4154222011566162,,
37,6649,,,,0.25,1.9154222011566162,,
37,6699,,,,0.5,1.6654222011566162,,
37,6749,,,,0.25,1.9154222011566162,,
37,6763,,,,,,0.41624999046325684,1.7491716146469116
38,6799,,,,0.5,1.6654222011566162,,
38,6849,,,,0.5,1.6654222011566162,,
38,6899,,,,0.75,1.4154222011566162,,
38,6941,,,,,,0.41624999046325684,1.7491716146469116
39,6949,,,,0.5,1.6654222011566162,,
39,6999,,,,0.25,1.9154222011566162,,
39,7049,,,,0.25,1.9154222011566162,,
39,7099,,,,0.25,1.9154222011566162,,
39,7119,,,,,,0.41624999046325684,1.7491716146469116
40,7149,,,,0.25,1.9154222011566162,,
40,7199,,,,0.0,2.165422201156616,,
40,7249,,,,0.5,1.6654222011566162,,
40,7297,,,,,,0.41624999046325684,1.7491716146469116
41,7299,,,,0.25,1.9154222011566162,,
41,7349,,,,0.5,1.6654222011566162,,
41,7399,,,,0.5,1.6654222011566162,,
41,7449,,,,0.5,1.6654222011566162,,
41,7475,,,,,,0.41624999046325684,1.7491716146469116
42,7499,,,,0.25,1.9154222011566162,,
42,7549,,,,0.75,1.4154222011566162,,
42,7599,,,,0.5,1.6654222011566162,,
42,7649,,,,0.75,1.4154222011566162,,
42,7653,,,,,,0.41624999046325684,1.7491716146469116
43,7699,,,,0.25,1.9154222011566162,,
43,7749,,,,0.25,1.9154222011566162,,
43,7799,,,,0.75,1.4154222011566162,,
43,7831,,,,,,0.41624999046325684,1.7491716146469116
44,7849,,,,0.5,1.6654222011566162,,
44,7899,,,,0.0,2.165422201156616,,
44,7949,,,,0.75,1.4154222011566162,,
44,7999,,,,0.0,2.165422201156616,,
44,8009,,,,,,0.41624999046325684,1.7491716146469116
45,8049,,,,0.25,1.9154222011566162,,
45,8099,,,,0.5,1.655193567276001,,
45,8149,,,,0.0,2.165422201156616,,
45,8187,,,,,,0.41624999046325684,1.7491716146469116
46,8199,,,,0.75,1.4154222011566162,,
46,8249,,,,0.0,2.165422201156616,,
46,8299,,,,0.25,1.9154222011566162,,
46,8349,,,,1.0,1.1654222011566162,,
46,8365,,,,,,0.41624999046325684,1.7491716146469116
47,8399,,,,0.0,2.165422201156616,,
47,8449,,,,0.0,2.165422201156616,,
47,8499,,,,0.5,1.6654222011566162,,
47,8543,,,,,,0.41624999046325684,1.7491716146469116
48,8549,,,,0.5,1.6654222011566162,,
48,8599,,,,0.25,1.9154222011566162,,
48,8649,,,,0.5,1.6654222011566162,,
48,8699,,,,0.5,1.6654222011566162,,
48,8721,,,,,,0.41624999046325684,1.7491716146469116
49,8749,,,,0.25,1.9154222011566162,,
49,8799,,,,0.0,2.165422201156616,,
49,8849,,,,0.0,2.165422201156616,,
49,8899,,,,0.25,1.9154222011566162,,
49,8899,,,,,,0.41624999046325684,1.7491716146469116
50,8949,,,,0.0,2.165422201156616,,
50,8999,,,,0.25,1.9154222011566162,,
50,9049,,,,0.25,1.9154222011566162,,
50,9077,,,,,,0.41624999046325684,1.7491716146469116
51,9099,,,,0.25,1.9154222011566162,,
51,9149,,,,0.25,1.9154222011566162,,
51,9199,,,,0.75,1.4154222011566162,,
51,9249,,,,0.5,1.6654222011566162,,
51,9255,,,,,,0.41624999046325684,1.7491716146469116
52,9299,,,,0.25,1.9154222011566162,,
52,9349,,,,0.25,1.9154222011566162,,
52,9399,,,,0.5,1.6654222011566162,,
52,9433,,,,,,0.41624999046325684,1.7491716146469116
53,9449,,,,0.0,2.165422201156616,,
53,9499,,,,0.5,1.6654222011566162,,
53,9549,,,,0.5,1.6654222011566162,,
53,9599,,,,0.5,1.6654222011566162,,
53,9611,,,,,,0.41624999046325684,1.7491716146469116
54,9649,,,,0.75,1.4154222011566162,,
54,9699,,,,0.25,1.9154222011566162,,
54,9749,,,,1.0,1.1654222011566162,,
54,9789,,,,,,0.4295833110809326,1.7358382940292358
55,9799,,,,0.25,1.9154222011566162,,
55,9849,,,,0.0,2.165422201156616,,
55,9899,,,,0.25,1.9154222011566162,,
55,9949,,,,0.5,1.6654222011566162,,
55,9967,,,,,,0.4295833110809326,1.7358382940292358
56,9999,,,,0.5,1.6654222011566162,,
56,10049,,,,0.25,1.9154222011566162,,
56,10099,,,,0.0,2.165422201156616,,
56,10145,,,,,,0.4295833110809326,1.7358382940292358
57,10149,,,,0.0,2.165422201156616,,
57,10199,,,,0.75,1.4154222011566162,,
57,10249,,,,0.25,1.9154222011566162,,
57,10299,,,,0.0,2.165422201156616,,
57,10323,,,,,,0.4295833110809326,1.7358382940292358
58,10349,,,,0.25,1.9154222011566162,,
58,10399,,,,0.25,1.9154222011566162,,
58,10449,,,,0.25,1.9154222011566162,,
58,10499,,,,0.5,1.6654222011566162,,
58,10501,,,,,,0.4295833110809326,1.7358382940292358
59,10549,,,,0.5,1.6654222011566162,,
59,10599,,,,0.25,1.9154222011566162,,
59,10649,,,,0.25,1.9154222011566162,,
59,10679,,,,,,0.4295833110809326,1.7358382940292358
60,10699,,,,0.25,1.9154222011566162,,
60,10749,,,,0.25,1.9154222011566162,,
60,10799,,,,0.0,2.165422201156616,,
60,10849,,,,0.25,1.9154222011566162,,
60,10857,,,,,,0.4295833110809326,1.7358382940292358
61,10899,,,,0.75,1.4154222011566162,,
61,10949,,,,0.5,1.6654222011566162,,
61,10999,,,,0.25,1.9154222011566162,,
61,11035,,,,,,0.4295833110809326,1.7358382940292358
62,11049,,,,0.5,1.6654222011566162,,
62,11099,,,,0.0,2.165422201156616,,
62,11149,,,,0.5,1.6654222011566162,,
62,11199,,,,0.25,1.9154222011566162,,
62,11213,,,,,,0.4295833110809326,1.7358382940292358
63,11249,,,,0.25,1.9154222011566162,,
63,11299,,,,0.25,1.9154222011566162,,
63,11349,,,,0.25,1.9154222011566162,,
63,11391,,,,,,0.4295833110809326,1.7358382940292358
64,11399,,,,0.0,2.165422201156616,,
64,11449,,,,0.75,1.4154222011566162,,
64,11499,,,,0.5,1.6654222011566162,,
64,11549,,,,0.25,1.9154222011566162,,
64,11569,,,,,,0.4295833110809326,1.7358382940292358
65,11599,,,,0.0,2.165422201156616,,
65,11649,,,,0.75,1.4154222011566162,,
65,11699,,,,0.0,2.165422201156616,,
65,11747,,,,,,0.4295833110809326,1.7358382940292358
66,11749,,,,0.0,2.165422201156616,,
66,11799,,,,0.0,2.165422201156616,,
66,11849,,,,0.5,1.6654222011566162,,
66,11899,,,,0.25,1.9154222011566162,,
66,11925,,,,,,0.4295833110809326,1.7358382940292358
67,11949,,,,0.75,1.4154222011566162,,
67,11999,,,,0.75,1.4154222011566162,,
67,12049,,,,0.25,1.9154222011566162,,
67,12099,,,,0.25,1.9154222011566162,,
67,12103,,,,,,0.4295833110809326,1.7358382940292358
68,12149,,,,0.0,2.165422201156616,,
68,12199,,,,0.25,1.9154222011566162,,
68,12249,,,,0.25,1.9154222011566162,,
68,12281,,,,,,0.4295833110809326,1.7358382940292358
69,12299,,,,0.25,1.9154222011566162,,
69,12349,,,,0.0,2.165422201156616,,
69,12399,,,,0.5,1.6654222011566162,,
69,12449,,,,0.5,1.6654222011566162,,
69,12459,,,,,,0.4295833110809326,1.7358382940292358
70,12499,,,,0.5,1.6654222011566162,,
70,12549,,,,0.0,2.165422201156616,,
70,12599,,,,0.5,1.6654222011566162,,
70,12637,,,,,,0.4295833110809326,1.7358382940292358
71,12649,,,,0.25,1.9154222011566162,,
71,12699,,,,0.5,1.6654222011566162,,
71,12749,,,,0.25,1.9154222011566162,,
71,12799,,,,0.75,1.4154222011566162,,
71,12815,,,,,,0.4295833110809326,1.7358382940292358
72,12849,,,,0.5,1.6654222011566162,,
72,12899,,,,0.5,1.6654222011566162,,
72,12949,,,,0.25,1.9154222011566162,,
72,12993,,,,,,0.4295833110809326,1.7358382940292358
73,12999,,,,0.25,1.9154222011566162,,
73,13049,,,,0.25,1.9154222011566162,,
73,13099,,,,0.25,1.9154222011566162,,
73,13149,,,,0.5,1.6654222011566162,,
73,13171,,,,,,0.4295833110809326,1.7358382940292358
74,13199,,,,0.5,1.6654222011566162,,
74,13249,,,,0.25,1.9154222011566162,,
74,13299,,,,0.5,1.6654222011566162,,
74,13349,,,,0.5,1.6654222011566162,,
74,13349,,,,,,0.4295833110809326,1.7358382940292358
75,13399,,,,0.5,1.6654222011566162,,
75,13449,,,,0.25,1.9154222011566162,,
75,13499,,,,0.75,1.4154222011566162,,
75,13527,,,,,,0.4295833110809326,1.7358382940292358
76,13549,,,,0.5,1.6654222011566162,,
76,13599,,,,0.25,1.9154222011566162,,
76,13649,,,,0.25,1.9154222011566162,,
76,13699,,,,0.5,1.6654222011566162,,
76,13705,,,,,,0.4295833110809326,1.7358382940292358
77,13749,,,,0.5,1.6654222011566162,,
77,13799,,,,0.25,1.9154222011566162,,
77,13849,,,,0.5,1.6654222011566162,,
77,13883,,,,,,0.4295833110809326,1.7358382940292358
78,13899,,,,0.5,1.6654222011566162,,
78,13949,,,,0.5,1.6654222011566162,,
78,13999,,,,0.75,1.4154222011566162,,
78,14049,,,,0.5,1.6654222011566162,,
78,14061,,,,,,0.4295833110809326,1.7358382940292358
79,14099,,,,0.25,1.9154222011566162,,
79,14149,,,,0.0,2.165422201156616,,
79,14199,,,,0.0,2.165422201156616,,
79,14239,,,,,,0.4295833110809326,1.7358382940292358
80,14249,,,,0.0,2.165422201156616,,
80,14299,,,,0.0,2.165422201156616,,
80,14349,,,,0.25,1.9154222011566162,,
80,14399,,,,0.25,1.9154222011566162,,
80,14417,,,,,,0.4295833110809326,1.7358382940292358
81,14449,,,,0.0,2.165422201156616,,
81,14499,,,,0.25,1.9154222011566162,,
81,14549,,,,0.25,1.9154222011566162,,
81,14595,,,,,,0.4295833110809326,1.7358382940292358
82,14599,,,,0.25,1.9154222011566162,,
82,14649,,,,0.25,1.9154222011566162,,
82,14699,,,,0.5,1.6654222011566162,,
82,14749,,,,0.5,1.6654222011566162,,
82,14773,,,,,,0.4295833110809326,1.7358382940292358
83,14799,,,,0.75,1.4154222011566162,,
83,14849,,,,0.0,2.165422201156616,,
83,14899,,,,0.0,2.165422201156616,,
83,14949,,,,0.25,1.9154222011566162,,
83,14951,,,,,,0.4295833110809326,1.7358382940292358
84,14999,,,,0.25,1.9154222011566162,,
84,15049,,,,0.5,1.6654222011566162,,
84,15099,,,,0.5,1.6654222011566162,,
84,15129,,,,,,0.4295833110809326,1.7358382940292358
85,15149,,,,0.5,1.6654222011566162,,
85,15199,,,,0.0,2.165422201156616,,
85,15249,,,,0.0,2.165422201156616,,
85,15299,,,,0.25,1.9154222011566162,,
85,15307,,,,,,0.4295833110809326,1.7358382940292358
86,15349,,,,0.5,1.6654222011566162,,
86,15399,,,,0.25,1.9154222011566162,,
86,15449,,,,0.25,1.9154222011566162,,
86,15485,,,,,,0.4295833110809326,1.7358382940292358
87,15499,,,,0.5,1.6654222011566162,,
87,15549,,,,0.75,1.4154222011566162,,
87,15599,,,,0.0,2.165422201156616,,
87,15649,,,,0.25,1.9154222011566162,,
87,15663,,,,,,0.4295833110809326,1.7358382940292358
88,15699,,,,0.5,1.6654222011566162,,
88,15749,,,,0.0,2.165422201156616,,
88,15799,,,,0.5,1.6654222011566162,,
88,15841,,,,,,0.4295833110809326,1.7358382940292358
89,15849,,,,0.25,1.9154222011566162,,
89,15899,,,,0.5,1.6654222011566162,,
89,15949,,,,0.25,1.9154222011566162,,
89,15999,,,,0.0,2.165422201156616,,
89,16019,,,,,,0.4295833110809326,1.7358382940292358
90,16049,,,,0.75,1.4154222011566162,,
90,16099,,,,0.25,1.9154222011566162,,
90,16149,,,,0.5,1.6654222011566162,,
90,16197,,,,,,0.4295833110809326,1.7358382940292358
91,16199,,,,0.25,1.9154222011566162,,
91,16249,,,,0.25,1.9154222011566162,,
91,16299,,,,0.5,1.6654222011566162,,
91,16349,,,,0.5,1.6654222011566162,,
91,16375,,,,,,0.4295833110809326,1.7358382940292358
92,16399,,,,0.0,2.165422201156616,,
92,16449,,,,0.5,1.6654222011566162,,
92,16499,,,,0.25,1.9154222011566162,,
92,16549,,,,0.75,1.4154222011566162,,
92,16553,,,,,,0.4295833110809326,1.7358382940292358
93,16599,,,,0.5,1.6654222011566162,,
93,16649,,,,0.0,2.165422201156616,,
93,16699,,,,0.25,1.9154222011566162,,
93,16731,,,,,,0.4295833110809326,1.7358382940292358
94,16749,,,,0.25,1.9154222011566162,,
94,16799,,,,0.0,2.165422201156616,,
94,16849,,,,0.25,1.9154222011566162,,
94,16899,,,,0.75,1.4154222011566162,,
94,16909,,,,,,0.4295833110809326,1.7358382940292358
95,16949,,,,0.25,1.9154222011566162,,
95,16999,,,,0.5,1.6654222011566162,,
95,17049,,,,0.5,1.6654222011566162,,
95,17087,,,,,,0.4295833110809326,1.7358382940292358
96,17099,,,,0.5,1.6654222011566162,,
96,17149,,,,0.25,1.9154222011566162,,
96,17199,,,,0.75,1.4154222011566162,,
96,17249,,,,0.5,1.6654222011566162,,
96,17265,,,,,,0.4295833110809326,1.7358382940292358
97,17299,,,,0.5,1.6654222011566162,,
97,17349,,,,0.5,1.6654222011566162,,
97,17399,,,,0.0,2.165422201156616,,
97,17443,,,,,,0.4295833110809326,1.7358382940292358
98,17449,,,,0.0,2.165422201156616,,
98,17499,,,,0.0,2.165422201156616,,
98,17549,,,,0.75,1.4154222011566162,,
98,17599,,,,0.5,1.6654222011566162,,
98,17621,,,,,,0.4295833110809326,1.7358382940292358
99,17649,,,,0.25,1.9154222011566162,,
99,17699,,,,0.0,2.165422201156616,,
99,17749,,,,0.5,1.6654222011566162,,
99,17799,,,,0.25,1.9154222011566162,,
99,17799,,,,,,0.4295833110809326,1.7358382940292358
100,17849,,,,0.5,1.6654222011566162,,
100,17899,,,,0.25,1.9154222011566162,,
100,17949,,,,0.25,1.9154222011566162,,
100,17977,,,,,,0.4295833110809326,1.7358382940292358
101,17999,,,,0.5,1.6654222011566162,,
101,18049,,,,0.25,1.9154222011566162,,
101,18099,,,,0.25,1.9154222011566162,,
101,18149,,,,0.25,1.9154222011566162,,
101,18155,,,,,,0.4295833110809326,1.7358382940292358
102,18199,,,,0.5,1.6654222011566162,,
102,18249,,,,0.0,2.165422201156616,,
102,18299,,,,0.25,1.9154222011566162,,
102,18333,,,,,,0.4295833110809326,1.7358382940292358
103,18349,,,,0.25,1.9154222011566162,,
103,18399,,,,0.25,1.9154222011566162,,
103,18449,,,,0.5,1.6654222011566162,,
103,18499,,,,1.0,1.1654222011566162,,
103,18511,,,,,,0.4295833110809326,1.7358382940292358
104,18549,,,,0.5,1.6654222011566162,,
104,18599,,,,0.5,1.6654222011566162,,
104,18649,,,,0.25,1.9154222011566162,,
104,18689,,,,,,0.4295833110809326,1.7358382940292358
105,18699,,,,0.5,1.6654222011566162,,
105,18749,,,,0.0,2.165422201156616,,
105,18799,,,,0.0,2.165422201156616,,
105,18849,,,,0.25,1.9154222011566162,,
105,18867,,,,,,0.4295833110809326,1.7358382940292358
106,18899,,,,0.25,1.9154222011566162,,
106,18949,,,,0.25,1.9154222011566162,,
106,18999,,,,0.5,1.6654222011566162,,
106,19045,,,,,,0.4295833110809326,1.7358382940292358
107,19049,,,,0.25,1.9154222011566162,,
107,19099,,,,0.25,1.9154222011566162,,
107,19149,,,,0.25,1.9154222011566162,,
107,19199,,,,0.25,1.9154222011566162,,
107,19223,,,,,,0.4295833110809326,1.7358382940292358
108,19249,,,,0.25,1.9154222011566162,,
108,19299,,,,1.0,1.1654222011566162,,
108,19349,,,,0.25,1.9154222011566162,,
108,19399,,,,0.5,1.6654222011566162,,
108,19401,,,,,,0.4295833110809326,1.7358382940292358
109,19449,,,,0.25,1.9154222011566162,,
109,19499,,,,0.75,1.4154222011566162,,
109,19549,,,,0.25,1.9154222011566162,,
109,19579,,,,,,0.4295833110809326,1.7358382940292358
110,19599,,,,0.5,1.6654222011566162,,
110,19649,,,,0.0,2.165422201156616,,
110,19699,,,,0.75,1.4154222011566162,,
110,19749,,,,0.25,1.9154222011566162,,
110,19757,,,,,,0.4295833110809326,1.7358382940292358
111,19799,,,,0.25,1.9154222011566162,,
111,19849,,,,0.25,1.9154222011566162,,
111,19899,,,,0.75,1.4154222011566162,,
111,19935,,,,,,0.4295833110809326,1.7358382940292358
112,19949,,,,0.5,1.6654222011566162,,
112,19999,,,,0.25,1.9154222011566162,,
112,20049,,,,0.75,1.4154222011566162,,
112,20099,,,,0.5,1.6654222011566162,,
112,20113,,,,,,0.4295833110809326,1.7358382940292358
113,20149,,,,0.75,1.4154222011566162,,
113,20199,,,,0.25,1.9154222011566162,,
113,20249,,,,0.75,1.4154222011566162,,
113,20291,,,,,,0.4295833110809326,1.7358382940292358
114,20299,,,,0.25,1.9154222011566162,,
114,20349,,,,0.75,1.4154222011566162,,
114,20399,,,,0.25,1.9154222011566162,,
114,20449,,,,0.0,2.165422201156616,,
114,20469,,,,,,0.4295833110809326,1.735837459564209
115,20499,,,,0.25,1.9154222011566162,,
115,20549,,,,0.25,1.9154222011566162,,
115,20599,,,,0.25,1.9154222011566162,,
115,20647,,,,,,0.4295833110809326,1.735837459564209
116,20649,,,,0.25,1.9154222011566162,,
116,20699,,,,0.75,1.4154222011566162,,
116,20749,,,,0.0,2.165422201156616,,
116,20799,,,,0.0,2.165422201156616,,
116,20825,,,,,,0.4295833110809326,1.7358306646347046
117,20849,,,,0.25,1.9154222011566162,,
117,20899,,,,1.0,1.1654222011566162,,
117,20949,,,,0.25,1.9154222011566162,,
117,20999,,,,0.25,1.9154222011566162,,
117,21003,,,,,,0.4295833110809326,1.7358306646347046
118,21049,,,,1.0,1.1654222011566162,,
118,21099,,,,0.5,1.6654222011566162,,
118,21149,,,,0.5,1.6654222011566162,,
118,21181,,,,,,0.4295833110809326,1.7358306646347046
119,21199,,,,0.5,1.6654222011566162,,
119,21249,,,,0.25,1.9154222011566162,,
119,21299,,,,0.25,1.9154222011566162,,
119,21349,,,,0.5,1.6654222011566162,,
119,21359,,,,,,0.4295833110809326,1.7358306646347046
120,21399,,,,0.5,1.6654222011566162,,
120,21449,,,,0.5,1.6654222011566162,,
120,21499,,,,0.5,1.6654222011566162,,
120,21537,,,,,,0.4295833110809326,1.7358306646347046
121,21549,,,,0.25,1.9154222011566162,,
121,21599,,,,0.75,1.4154222011566162,,
121,21649,,,,0.75,1.4154222011566162,,
121,21699,,,,1.0,1.1654222011566162,,
121,21715,,,,,,0.4295833110809326,1.7358306646347046
122,21749,,,,0.25,1.9154222011566162,,
122,21799,,,,1.0,1.1654222011566162,,
122,21849,,,,0.5,1.6654222011566162,,
122,21893,,,,,,0.4295833110809326,1.7358306646347046
123,21899,,,,0.5,1.6654222011566162,,
123,21949,,,,0.25,1.9154222011566162,,
123,21999,,,,0.5,1.6654222011566162,,
123,22049,,,,0.0,2.165422201156616,,
123,22071,,,,,,0.4295833110809326,1.7358306646347046
124,22099,,,,0.0,2.165422201156616,,
124,22149,,,,0.25,1.9154222011566162,,
124,22199,,,,0.0,2.165422201156616,,
124,22249,,,,0.25,1.9154222011566162,,
124,22249,,,,,,0.4295833110809326,1.7358306646347046
125,22299,,,,0.75,1.4154222011566162,,
125,22349,,,,0.75,1.4154222011566162,,
125,22399,,,,0.5,1.6654222011566162,,
125,22427,,,,,,0.4295833110809326,1.7358306646347046
126,22449,,,,0.5,1.6654222011566162,,
126,22499,,,,0.25,1.9154222011566162,,
126,22549,,,,0.0,2.165422201156616,,
126,22599,,,,0.25,1.9154222011566162,,
126,22605,,,,,,0.4295833110809326,1.7358306646347046
127,22649,,,,0.25,1.9154222011566162,,
127,22699,,,,0.5,1.6654222011566162,,
127,22749,,,,0.5,1.6654222011566162,,
127,22783,,,,,,0.4295833110809326,1.7358306646347046
128,22799,,,,0.25,1.9154222011566162,,
128,22849,,,,0.75,1.4154222011566162,,
128,22899,,,,0.25,1.9154222011566162,,
128,22949,,,,0.5,1.6654222011566162,,
128,22961,,,,,,0.4295833110809326,1.7358306646347046
129,22999,,,,0.25,1.9154222011566162,,
129,23049,,,,0.5,1.6654222011566162,,
129,23099,,,,0.25,1.9154222011566162,,
129,23139,,,,,,0.4295833110809326,1.7358306646347046
130,23149,,,,0.75,1.4154222011566162,,
130,23199,,,,0.0,2.165422201156616,,
130,23249,,,,0.25,1.9154222011566162,,
130,23299,,,,0.25,1.9154222011566162,,
130,23317,,,,,,0.4295833110809326,1.7358306646347046
131,23349,,,,0.25,1.9154222011566162,,
131,23399,,,,0.0,2.165422201156616,,
131,23449,,,,0.25,1.9154222011566162,,
131,23495,,,,,,0.4295833110809326,1.7358306646347046
132,23499,,,,0.75,1.4154222011566162,,
132,23549,,,,0.25,1.9154222011566162,,
132,23599,,,,0.25,1.9154222011566162,,
132,23649,,,,0.0,2.165422201156616,,
132,23673,,,,,,0.4295833110809326,1.7358306646347046
133,23699,,,,0.25,1.9154222011566162,,
133,23749,,,,0.5,1.6654222011566162,,
133,23799,,,,0.25,1.9154222011566162,,
133,23849,,,,0.25,1.9154222011566162,,
133,23851,,,,,,0.4295833110809326,1.7358306646347046
134,23899,,,,0.5,1.6654222011566162,,
134,23949,,,,0.0,2.165422201156616,,
134,23999,,,,0.0,2.165422201156616,,
134,24029,,,,,,0.4295833110809326,1.7358306646347046
135,24049,,,,0.25,1.9154222011566162,,
135,24099,,,,0.5,1.6654222011566162,,
135,24149,,,,0.25,1.9154222011566162,,
135,24199,,,,0.5,1.6654222011566162,,
135,24207,,,,,,0.4295833110809326,1.7358306646347046
136,24249,,,,0.5,1.6654222011566162,,
136,24299,,,,0.75,1.4154222011566162,,
136,24349,,,,0.0,2.165422201156616,,
136,24385,,,,,,0.4295833110809326,1.7358306646347046
137,24399,,,,0.0,2.165422201156616,,
137,24449,,,,0.75,1.4154222011566162,,
137,24499,,,,0.5,1.6654222011566162,,
137,24549,,,,0.25,1.9154222011566162,,
137,24563,,,,,,0.4295833110809326,1.7358306646347046
138,24599,,,,0.0,2.165422201156616,,
138,24649,,,,0.5,1.6654222011566162,,
138,24699,,,,0.75,1.4154222011566162,,
138,24741,,,,,,0.4295833110809326,1.7358306646347046
139,24749,,,,0.5,1.6654222011566162,,
139,24799,,,,0.5,1.6654222011566162,,
139,24849,,,,0.5,1.6654222011566162,,
139,24899,,,,0.0,2.165422201156616,,
139,24919,,,,,,0.4295833110809326,1.7358306646347046
140,24949,,,,0.5,1.6654222011566162,,
140,24999,,,,0.5,1.6654222011566162,,
140,25049,,,,0.0,2.165422201156616,,
140,25097,,,,,,0.4295833110809326,1.7358306646347046
141,25099,,,,0.25,1.9154222011566162,,
141,25149,,,,0.0,2.165422201156616,,
141,25199,,,,0.5,1.6654222011566162,,
141,25249,,,,0.0,2.165422201156616,,
141,25275,,,,,,0.4295833110809326,1.7358306646347046
142,25299,,,,0.25,1.9154222011566162,,
142,25349,,,,0.5,1.6654222011566162,,
142,25399,,,,0.25,1.9154222011566162,,
142,25449,,,,0.5,1.6654222011566162,,
142,25453,,,,,,0.4295833110809326,1.7358306646347046
143,25499,,,,1.0,1.1654222011566162,,
143,25549,,,,0.25,1.9154222011566162,,
143,25599,,,,0.5,1.6654222011566162,,
143,25631,,,,,,0.4295833110809326,1.7358306646347046
144,25649,,,,0.25,1.9154222011566162,,
144,25699,,,,0.5,1.6654222011566162,,
144,25749,,,,0.25,1.9154222011566162,,
144,25799,,,,0.25,1.9154222011566162,,
144,25809,,,,,,0.4295833110809326,1.7358306646347046
145,25849,,,,0.75,1.4154222011566162,,
145,25899,,,,0.25,1.9154222011566162,,
145,25949,,,,0.25,1.9154222011566162,,
145,25987,,,,,,0.4295833110809326,1.7358306646347046
146,25999,,,,0.0,2.165422201156616,,
146,26049,,,,0.75,1.4154222011566162,,
146,26099,,,,0.5,1.6654222011566162,,
146,26149,,,,0.75,1.4154222011566162,,
146,26165,,,,,,0.4295833110809326,1.7358306646347046
147,26199,,,,0.5,1.6654222011566162,,
147,26249,,,,0.5,1.6654222011566162,,
147,26299,,,,0.25,1.9154222011566162,,
147,26343,,,,,,0.4295833110809326,1.7358306646347046
148,26349,,,,0.0,2.165422201156616,,
148,26399,,,,0.25,1.9154222011566162,,
148,26449,,,,0.5,1.6654222011566162,,
148,26499,,,,0.25,1.9154222011566162,,
148,26521,,,,,,0.4295833110809326,1.7358306646347046
149,26549,,,,0.0,2.165422201156616,,
149,26599,,,,0.25,1.9154222011566162,,
149,26649,,,,0.5,1.6654222011566162,,
149,26699,,,,0.25,1.9154222011566162,,
149,26699,,,,,,0.4295833110809326,1.7358306646347046
150,26749,,,,0.25,1.9154222011566162,,
150,26799,,,,0.25,1.9154222011566162,,
150,26849,,,,0.25,1.9154222011566162,,
150,26877,,,,,,0.4295833110809326,1.7358306646347046
151,26899,,,,0.25,1.9154222011566162,,
151,26949,,,,0.0,2.165422201156616,,
151,26999,,,,0.5,1.6654222011566162,,
151,27049,,,,0.5,1.6654222011566162,,
151,27055,,,,,,0.4295833110809326,1.7358306646347046
152,27099,,,,0.75,1.4154222011566162,,
152,27149,,,,0.25,1.9154222011566162,,
152,27199,,,,0.0,2.165422201156616,,
152,27233,,,,,,0.4295833110809326,1.7358306646347046
153,27249,,,,0.5,1.6654222011566162,,
153,27299,,,,0.0,2.165422201156616,,
153,27349,,,,0.0,2.165422201156616,,
153,27399,,,,0.75,1.4154222011566162,,
153,27411,,,,,,0.4295833110809326,1.7358306646347046
154,27449,,,,0.25,1.9154222011566162,,
154,27499,,,,0.25,1.9154222011566162,,
154,27549,,,,0.25,1.9154222011566162,,
154,27589,,,,,,0.4295833110809326,1.7358306646347046
155,27599,,,,0.0,2.165422201156616,,
155,27649,,,,0.5,1.6654222011566162,,
155,27699,,,,0.5,1.6654222011566162,,
155,27749,,,,0.25,1.9154222011566162,,
155,27767,,,,,,0.4295833110809326,1.7358306646347046
156,27799,,,,0.5,1.6654222011566162,,
156,27849,,,,0.5,1.6654222011566162,,
156,27899,,,,0.5,1.6654222011566162,,
156,27945,,,,,,0.4399999678134918,1.7254217863082886
157,27949,,,,0.25,1.9154222011566162,,
157,27999,,,,0.5,1.6654222011566162,,
157,28049,,,,0.0,2.165422201156616,,
157,28099,,,,0.5,1.6654222011566162,,
157,28123,,,,,,0.4399999678134918,1.7254217863082886
158,28149,,,,1.0,1.1654222011566162,,
158,28199,,,,0.25,1.9154222011566162,,
158,28249,,,,0.75,1.4154222011566162,,
158,28299,,,,0.25,1.9154222011566162,,
158,28301,,,,,,0.4399999678134918,1.7254217863082886
159,28349,,,,0.25,1.9154222011566162,,
159,28399,,,,0.5,1.6654222011566162,,
159,28449,,,,0.0,2.165422201156616,,
159,28479,,,,,,0.4399999678134918,1.7254217863082886
160,28499,,,,0.5,1.6654222011566162,,
160,28549,,,,0.25,1.9154222011566162,,
160,28599,,,,0.25,1.9154222011566162,,
160,28649,,,,0.25,1.9154222011566162,,
160,28657,,,,,,0.4399999678134918,1.7254217863082886
161,28699,,,,0.25,1.9154222011566162,,
161,28749,,,,0.25,1.9154222011566162,,
161,28799,,,,0.75,1.4154222011566162,,
161,28835,,,,,,0.4399999678134918,1.7254217863082886
162,28849,,,,0.0,2.165422201156616,,
162,28899,,,,0.25,1.9154222011566162,,
162,28949,,,,0.25,1.9154222011566162,,
162,28999,,,,0.0,2.165422201156616,,
162,29013,,,,,,0.4399999678134918,1.7254217863082886
163,29049,,,,0.25,1.9154222011566162,,
163,29099,,,,0.0,2.165422201156616,,
163,29149,,,,0.25,1.9154222011566162,,
163,29191,,,,,,0.4399999678134918,1.7254217863082886
164,29199,,,,0.25,1.9154222011566162,,
164,29249,,,,0.25,1.9154222011566162,,
164,29299,,,,0.5,1.6654222011566162,,
164,29349,,,,0.75,1.4154222011566162,,
164,29369,,,,,,0.4399999678134918,1.7254217863082886
165,29399,,,,0.25,1.9154222011566162,,
165,29449,,,,0.25,1.9154222011566162,,
165,29499,,,,0.25,1.9154222011566162,,
165,29547,,,,,,0.4399999678134918,1.7254217863082886
166,29549,,,,0.5,1.6654222011566162,,
166,29599,,,,0.75,1.4154222011566162,,
166,29649,,,,0.25,1.9154222011566162,,
166,29699,,,,0.0,2.165422201156616,,
166,29725,,,,,,0.4399999678134918,1.7254217863082886
167,29749,,,,0.25,1.9154222011566162,,
167,29799,,,,0.25,1.9154222011566162,,
167,29849,,,,0.75,1.4154222011566162,,
167,29899,,,,0.25,1.9154222011566162,,
167,29903,,,,,,0.4399999678134918,1.7254217863082886
168,29949,,,,0.5,1.6654222011566162,,
168,29999,,,,0.5,1.6654222011566162,,
168,30049,,,,0.0,2.165422201156616,,
168,30081,,,,,,0.4399999678134918,1.7254217863082886
169,30099,,,,0.5,1.6654222011566162,,
169,30149,,,,0.5,1.6654222011566162,,
169,30199,,,,0.25,1.9154222011566162,,
169,30249,,,,0.5,1.6654222011566162,,
169,30259,,,,,,0.4399999678134918,1.7254217863082886
170,30299,,,,0.5,1.6654222011566162,,
170,30349,,,,0.25,1.9154222011566162,,
170,30399,,,,0.5,1.6654222011566162,,
170,30437,,,,,,0.4399999678134918,1.7254217863082886
171,30449,,,,0.5,1.6654222011566162,,
171,30499,,,,0.5,1.6654222011566162,,
171,30549,,,,0.0,2.165422201156616,,
171,30599,,,,0.25,1.9154222011566162,,
171,30615,,,,,,0.4399999678134918,1.7254217863082886
172,30649,,,,0.25,1.9154222011566162,,
172,30699,,,,0.5,1.6654222011566162,,
172,30749,,,,0.25,1.9154222011566162,,
172,30793,,,,,,0.4399999678134918,1.7254217863082886
173,30799,,,,0.5,1.6654222011566162,,
173,30849,,,,0.5,1.6654222011566162,,
173,30899,,,,0.25,1.9154222011566162,,
173,30949,,,,0.25,1.9154222011566162,,
173,30971,,,,,,0.4399999678134918,1.7254217863082886
174,30999,,,,0.5,1.6654222011566162,,
174,31049,,,,0.5,1.6654222011566162,,
174,31099,,,,0.0,2.165422201156616,,
174,31149,,,,1.0,1.1654222011566162,,
174,31149,,,,,,0.4399999678134918,1.7254217863082886
175,31199,,,,0.25,1.9154222011566162,,
175,31249,,,,0.75,1.4154222011566162,,
175,31299,,,,0.5,1.6654222011566162,,
175,31327,,,,,,0.4399999678134918,1.7254217863082886
176,31349,,,,0.5,1.6654222011566162,,
176,31399,,,,0.25,1.9154222011566162,,
176,31449,,,,0.0,2.165422201156616,,
176,31499,,,,0.0,2.165422201156616,,
176,31505,,,,,,0.4399999678134918,1.7254217863082886
177,31549,,,,0.0,2.165422201156616,,
177,31599,,,,0.25,1.9154222011566162,,
177,31649,,,,0.75,1.4154222011566162,,
177,31683,,,,,,0.4399999678134918,1.7254217863082886
178,31699,,,,0.75,1.4154222011566162,,
178,31749,,,,0.25,1.9154222011566162,,
178,31799,,,,0.25,1.9154222011566162,,
178,31849,,,,0.5,1.6654222011566162,,
178,31861,,,,,,0.4399999678134918,1.7254217863082886
179,31899,,,,0.5,1.6654222011566162,,
179,31949,,,,0.5,1.6654222011566162,,
179,31999,,,,0.25,1.9154222011566162,,
179,32039,,,,,,0.4399999678134918,1.7254217863082886
180,32049,,,,0.0,2.165422201156616,,
180,32099,,,,0.0,2.165422201156616,,
180,32149,,,,0.0,2.165422201156616,,
180,32199,,,,0.25,1.9154222011566162,,
180,32217,,,,,,0.4399999678134918,1.7254217863082886
181,32249,,,,0.0,2.165422201156616,,
181,32299,,,,0.5,1.6654222011566162,,
181,32349,,,,0.25,1.9154222011566162,,
181,32395,,,,,,0.4399999678134918,1.7254217863082886
182,32399,,,,0.5,1.6654222011566162,,
182,32449,,,,0.5,1.6654222011566162,,
182,32499,,,,0.5,1.6654222011566162,,
182,32549,,,,0.75,1.4154222011566162,,
182,32573,,,,,,0.4399999678134918,1.7254217863082886
183,32599,,,,0.25,1.9154222011566162,,
183,32649,,,,0.5,1.6654222011566162,,
183,32699,,,,0.25,1.9154222011566162,,
183,32749,,,,0.5,1.6654222011566162,,
183,32751,,,,,,0.4399999678134918,1.7254217863082886
184,32799,,,,0.5,1.6654222011566162,,
184,32849,,,,0.0,2.165422201156616,,
184,32899,,,,0.25,1.9154222011566162,,
184,32929,,,,,,0.4399999678134918,1.7254217863082886
185,32949,,,,0.0,2.165422201156616,,
185,32999,,,,0.5,1.6654222011566162,,
185,33049,,,,0.5,1.6654222011566162,,
185,33099,,,,0.5,1.6654222011566162,,
185,33107,,,,,,0.4399999678134918,1.7254217863082886
186,33149,,,,0.5,1.6654222011566162,,
186,33199,,,,0.5,1.6654222011566162,,
186,33249,,,,0.5,1.6654222011566162,,
186,33285,,,,,,0.4399999678134918,1.7254217863082886
187,33299,,,,0.25,1.9154222011566162,,
187,33349,,,,0.25,1.9154222011566162,,
187,33399,,,,0.75,1.4154222011566162,,
187,33449,,,,0.25,1.9154222011566162,,
187,33463,,,,,,0.4399999678134918,1.7254217863082886
188,33499,,,,0.5,1.6654222011566162,,
188,33549,,,,0.25,1.9154222011566162,,
188,33599,,,,0.5,1.6654222011566162,,
188,33641,,,,,,0.4399999678134918,1.7254217863082886
189,33649,,,,0.5,1.6654222011566162,,
189,33699,,,,0.25,1.9154222011566162,,
189,33749,,,,0.75,1.4154222011566162,,
189,33799,,,,0.25,1.9154222011566162,,
189,33819,,,,,,0.4399999678134918,1.7254217863082886
190,33849,,,,1.0,1.1654222011566162,,
190,33899,,,,0.25,1.9154222011566162,,
190,33949,,,,0.25,1.9154222011566162,,
190,33997,,,,,,0.4399999678134918,1.7254217863082886
191,33999,,,,0.0,2.165422201156616,,
191,34049,,,,0.0,2.165422201156616,,
191,34099,,,,0.0,2.165422201156616,,
191,34149,,,,0.75,1.4154222011566162,,
191,34175,,,,,,0.4399999678134918,1.7254217863082886
192,34199,,,,0.5,1.6654222011566162,,
192,34249,,,,0.75,1.4154222011566162,,
192,34299,,,,0.0,2.165422201156616,,
192,34349,,,,0.5,1.6654222011566162,,
192,34353,,,,,,0.4399999678134918,1.7254217863082886
193,34399,,,,0.25,1.9154222011566162,,
193,34449,,,,0.25,1.9154222011566162,,
193,34499,,,,0.25,1.9154222011566162,,
193,34531,,,,,,0.4399999678134918,1.7254217863082886
194,34549,,,,0.0,2.165422201156616,,
194,34599,,,,0.25,1.9154222011566162,,
194,34649,,,,0.5,1.6654222011566162,,
194,34699,,,,0.25,1.9154222011566162,,
194,34709,,,,,,0.4399999678134918,1.7254217863082886
195,34749,,,,0.25,1.9154222011566162,,
195,34799,,,,0.25,1.9154222011566162,,
195,34849,,,,0.75,1.4154222011566162,,
195,34887,,,,,,0.4399999678134918,1.7254217863082886
196,34899,,,,0.75,1.4154222011566162,,
196,34949,,,,0.5,1.6654222011566162,,
196,34999,,,,0.25,1.9154222011566162,,
196,35049,,,,0.25,1.9154222011566162,,
196,35065,,,,,,0.4399999678134918,1.7254217863082886
197,35099,,,,0.25,1.9154222011566162,,
197,35149,,,,0.5,1.6654222011566162,,
197,35199,,,,0.25,1.9154222011566162,,
197,35243,,,,,,0.4399999678134918,1.7254217863082886
198,35249,,,,0.0,2.165422201156616,,
198,35299,,,,0.25,1.9154222011566162,,
198,35349,,,,0.75,1.4154222011566162,,
198,35399,,,,0.75,1.4154222011566162,,
198,35421,,,,,,0.4399999678134918,1.7254217863082886
199,35449,,,,0.5,1.6654222011566162,,
199,35499,,,,0.0,2.165422201156616,,
199,35549,,,,0.5,1.6654222011566162,,
199,35599,,,,0.5,1.6654222011566162,,
199,35599,,,,,,0.4399999678134918,1.7254217863082886
200,35600,0.31650641560554504,0.1556520015001297,1.8489152193069458,,,,
